Date,00000-6200M,00006-2200M,00006-5200M,00008-5200M,00008-6200M,00008-7200M,00008-8100M,00009-63000,00033-8000M,00033-90000,00037-81000,00037-91000,00038-50000,00038-60000,00039-60000,00041-5000M,00044-3200M,00045-0000M,00045-1000M,00045-3000M,00046-1200M,00068-80000,00069-00000,00071-2000M,00073-8000M,00073-9000M,00082-30000,00082-5100M,00085-30000,00085-40000,00085-4000C,00093-41000,00096-00000,00097-50008,00097-6000M,00098-00000,01053-51235,01053-51240,01123-50816,01153-50816,01153-50820,02056-50120,02056-50140,02114-50080,02114-50100,02526-6000M,03291-0200M,03502-2300M,03514-5500M,03518-9000M,04060-8401M,04088-3300M,04232-2200M,04278-3600M,04300-0400M,04300-1401M,04306-2501M,04306-7900M,04310-7400M,04311-6101M,04313-6601U,04315-62010,04323-4101M,04333-9401M,04334-1501M,04402-84000,04407-01016,04408-6201M,04409-7200M,04409-8500M,04414-3100M,04421-4301M,04428-90000,04464-6301M,04469-12000,04512-50100,04512-50120,04512-50220,04611-00450,04611-00520,04611-00720,04612-00120,04612-00250,04612-00300,04641-34008,04652-81004,04652-9100M,04653-0100M,04653-1100M,05122-51275,05411-00525,05532-73008,05532-83008,05532-9900M,05533-0100M,05533-2100M,05533-6700U,05533-7500U,05533-8500M,05533-9200U,05534-0500U,05534-2600U,05534-5400M,05534-5500M,05534-6300C,05534-7100U,05534-8100M,05534-9300M,05535-03006,05535-1200M,05547-4000M,05687-20004,05687-2000U,05698-4000M,05774-2100U,05774-3100U,05774-5100U,05778-8100M,05825-6100M,05827-5100M,05827-5200M,05833-8100M,05913-33000,05948-3000M,06080-7100M,06151-1500U,06296-91010,06346-7000M,06402-50000,06403-50000,06408-2000M,06444-7000M,06445-1100M,06445-6100M,06525-7000M,06548-2200M,06548-7000M,06655-62000,06658-0100M,06659-2100M,06659-40008,06662-90008,06664-9000U,06665-0100M,06665-7100M,06666-7200M,06666-80008,06667-35000,06667-74000,06667-9000M,06669-01004,06669-10000,06676-41004,06678-3000M,06678-42000,06683-00008,06683-3000M,06684-82008,06686-0000U,06686-1000U,06687-0100U,06687-1100M,06687-2000U,06687-43008,06687-8300U,06687-92008,06688-7100M,06689-10000,06689-2100M,06690-0100M,06690-12000,06690-2200M,06690-3000M,06692-3100M,06694-17004,06694-2100M,06694-3200M,06694-9200M,06695-0100M,06695-1100M,06695-2000M,06695-73004,06696-01000,06696-1000M,06696-52004,06696-74004,06697-6500M,06698-3300M,06698-5100M,06698-6000M,06698-7200M,06698-8100M,06698-9100M,06699-0200M,06699-1100M,06702-92000,06703-0200M,06703-11000,06703-2100M,06709-04008,06709-10000,06709-21008,06709-31008,06709-51008,06710-54008,06711-6000M,06711-8000M,06711-9000M,06712-0100M,06712-2000M,06713-6100M,06713-82000,06713-9100M,06715-01008,06719-5100U,06719-62004,06719-8200U,06720-3100U,06720-4100M,06720-81004,06721-24000,06721-31004,06721-43000,06721-5100M,06721-6200M,06722-92004,06723-61004,06723-70004,06723-8200U,06723-92004,06723-93004,06724-01004,06724-1000U,06724-21004,06724-3000U,06724-42004,06724-91004,06725-3400U,06725-4200M,06726-52004,06726-60004,06730-5000M,06730-6100M,06730-7300M,06731-4000M,06732-15004,06733-21004,06733-41004,06733-61004,06733-73004,06733-85004,06733-92004,06734-12006,06742-6100M,06793-1100M,06831-20004,06831-7000M,06831-8000M,06832-14008,07095-8000M,07095-9000M,07100-34000,07100-5100U,07106-70000,07113-7400M,07171-3300U,07171-94008,07172-01008,07172-10008,07172-22008,07172-41008,07172-52008,07172-93004,07173-01000,07173-1100U,07173-22008,07173-35008,07173-52008,07173-62008,07173-81008,07173-90008,07174-00008,07174-12008,07174-2000U,07174-34008,07174-5200M,07174-6700M,07174-7000M,07174-91008,07175-02000,07175-11008,07175-32008,07175-4100M,07175-5300M,07176-25008,07176-3000M,07176-70008,07176-9000M,07177-00000,07177-21008,07177-59008,07177-8000M,07177-94008,07178-05008,07178-73008,07182-2000M,07183-14008,07183-6400M,07183-72008,07183-84008,07184-0100M,07184-1100M,07184-2100M,07213-2000M,07213-3100M,07214-81004,07215-01004,07219-7100U,07219-8100U,07233-3000U,07233-8100M,07234-3100M,07244-11000,07262-21004,07263-5400M,07272-13004,07296-8100M,07362-4200M,07362-4300Y,07443-34000,07473-8000M,07598-9000M,07599-0000M,07599-1000M,07793-4200M,07802-5000M,07847-2000U,07847-3000U,08041-4100M,08092-5000M,08126-7000M,08229-60000,08288-2000U,08722-5100M,08830-0100M,09007-91000,09096-71004,09108-9100U,09109-01000,09109-1000M,09109-70008,09109-83008,09110-20004,09110-81004,09111-01008,09202-34008,09202-41008,09231-41004,09233-3200M,09363-4100M,09375-4000M,09463-1100M,09875-3000M,10285-22008,10329-9000U,11130-4000M,11814-90000,11969-20004,11969-30002,12173-90004,12174-10004,12683-3200M,12894-60020,12894-60030,12894-60040,12894-60090,12894-60120,13019-31004,14282-7000M,14292-8000M,14518-40004,14520-01008,14520-81004,14521-1000M,14521-32008,14521-4000M,14521-6100M,14522-00008,14522-3100M,14522-51006,14522-6000M,14522-70004,14524-81008,14525-10008,14526-50004,14526-7000M,14533-10000,14533-40002,14536-40000,14543-00000,14543-30006,14543-40006,14543-60008,14543-80008,14544-1ASY8,14544-90000,14545-0000M,14591-50008,14591-6000M,14592-50008,14592-60008,14628-90006,14630-60004,14630-91004,14631-1000M,14631-60000,14631-60050,14631-60060,14647-2100M,14882-80008,14883-00000,14888-50000,14904-90000,14905-00000,14905-10000,14905-20000,14905-40000,14905-50000,14905-60004,14905-80000,14917-30000,14917-40000,14936-10000,14953-70000,14954-80004,15059-70000,15177-40000,15177-50000,15177-90000,15178-60004,15313-00000,15313-10000,15313-70000,15321-50004,15383-00000,15383-10000,15621-90000,15649-0000M,15863-10008,15863-2000U,15863-30008,15863-40008,15863-60000,15863-70008,15863-80008,15864-0000M,15864-1000U,15864-2000M,15864-4000U,15864-50008,15864-60008,15864-70008,15866-30000,15866-4000M,15866-5000M,15866-6000M,15866-70006,15866-8000U,15866-9000U,15867-0000U,15867-10008,15867-70008,15867-80008,15867-90008,15868-00008,15868-10008,15868-20008,15868-30008,15868-40008,15868-5000M,15868-60008,15868-7000M,15868-8000M,15874-90008,15875-0000M,15875-1000M,15875-2000M,15875-3000M,15875-6000M,15876-0000M,15876-30008,15876-8000U,15876-9000U,15877-0000M,15877-30004,15877-80004,15877-90004,15878-70004,15878-8000M,15878-9000M,15879-0000U,15879-10004,15879-5000M,15879-60004,15879-80006,15880-00008,15880-30008,15880-60008,15881-20008,15881-70000,15881-90004,15882-20008,15882-8000M,15882-9000M,15883-00008,15883-80006,15884-01008,15884-10008,15884-5000M,15884-80008,15884-90008,15885-00008,15885-10008,15885-2000U,15885-30004,15885-40004,15885-50004,15885-8000M,15886-40008,15886-60008,15886-70008,15887-0000M,15887-10004,15887-60008,15887-70008,15887-9000M,15888-0000M,15888-2000M,15888-3000M,15888-5000U,15888-60008,15889-3000M,15890-5000M,15890-80000,15895-6000M,15895-7000M,15916-6000U,15916-80000,46534-ASYXX,55338-ASYXX,70087-40000,70180-20000,70268-60000,70268-8000U,70269-2000U,70269-3000U,70269-4000U,70269-5000U,70269-6000U,70269-70000,70269-8000U,70279-80000,70297-50000,70297-60000,70332-70000,70472-1000U,80278-50000,80278-70008,80278-8000M,80278-90008,80315-00002,80315-10002,80316-0000M,80423-80000,90915-ASYXX,AA050-XXXXX,AA060-XXXXX,AB060-XXXXX,AD060-XXXXX,AD50X-XXXXX,AN08X-XXXXX,AW08X-XXXXX,BA040-12XXX,BAI12-150XX,BC060-10XXX,BC060-20XXX,BC060-30XXX,BC100-16XXX,BC100-25XXX,BC100-60XXX,BC100-75XXX,BH080-16XXX,BJ080-20XXX,BR080-45XXX,BRS10-035XX,BRZ10-050XX,BSPZ0-8020X,BSZ08-025XX,BSZ08-030XX,BSZ08-040XX,BSZ08-045XX,BSZ08-055XX,BSZ08-060XX,BSZ08-085XX,BSZ10-020XX,BSZ10-025XX,BSZ10-030XX,BSZ10-035XX,BSZ10-040XX,BSZ10-055XX,BSZ10-060XX,BSZ10-065XX,BSZ10-070XX,BSZ10-075XX,BSZ10-080XX,BSZ10-095XX,BX100-25XXX,BX100-30XXX,BX100-40XXX,BX100-65XXX,BX100-70XXX,BX120-40XXX,BX161-00XXX,BXI10-060XX,BXI12-060XX,BXI16-15005-0,BZ060-12XXX,BZ100-95XXX,BZ120-25XXX,BZ120-30XXX,BZ120-45XXX,BZ120-55XXX,BZ120-60XXX,BZ120-70XXX,BZ140-30XXX,BZ140-45XXX,BZ140-80XXX,BZ141-00XXX,BZ160-45XXX,BZ160-50XXX,BZ161-00XXX,BZ200-55XXX,BZD10-070XX,CAP04-8635X,CM060-16XXX,CP040-16XXX,CP060-16XXX,CP060-35XXX,CP060-45XXX,CP080-16XXX,CP080-20XXX,CP080-45XXX,D2552-08XXX,D3062-10XXX,D3572-12XXX,D4072-10XXX,D5065-9XXXX,D5880-12XXX,D6082-12XXX,D7510-010XX,DC014-XXXXX,DC017-XXXXX,DC020-XXXXX,DC050-XXXXX,DC070-XXXXX,DHC04-7XXXX,DHC06-2XXXX,DV161-8020X,DV202-3012X,DV252-8015X,EWK86-9932X,EWK86-9935X,GM507-25XXX,J1600-7LLUX,J2207-XXXXX,J3020-6XXXX,J3020-8XXXX,J3220-8XXXX,J3221-2XXXX,J3320-8XXXX,J5120-4XXXX,J6007-LLUJX,J6007-LLUXX,J6200-LLUXX,J6201-LLUXX,J6203-LLUXX,J6205-LLUXX,J6205-XXXXX,J6206-LLUXX,J6206-XXXXX,J6207-LLUXX,J6207-LUJXX,J6208-LLUXX,J6209-LLUXX,J6210-XXXXX,J6212-XXXXX,J6305-LLUXX,JAEL2-06XXX,JAS20-4XXXX,JAS20-6XXXX,JCS20-4LLUX,JCY63-121XX,JFY62-287XX,JFYSS-B1XXX,JFYSS-B2XXX,JMD07-51XXX,JMD08-51XXX,JMD10-02ASY,JMD10-04XXX,JMD11-04XXX,JMDAS-YXXXX,JPC14-ASYXX,JPF20-4GXXX,JPF20-6GXXX,JPY62-263XX,JPY62-267XX,JPYSS-BXXXX,JPYSS-CXXXX,JSBX0-126LL-U,JSSB0-601AS,JSSB0-602XX,JSSBA-SYXXX,JSSC0-602AS,JSSC0-60ASY,JWM07-51ASY,JWM07-53XXX,JWM08-51ASY,JWM08-53XXX,JWM10-0ASYX,JYPMD-100XX,KFB08-07020-0,KFB10-08030-0,KFC08-07030,KFC10-08035-0,L3910-10082,L3910-10211,L3910-10242,L3910-10271,L3910-10281,L3910-10292,L3910-10321,L3910-10802,L3910-10861,L3910-10871,L3910-10881,L3910-10891,L3910-10902,L3910-10911,L3910-10932,L3910-10941,L3910-10951,L3910-10961,L3910-10971,L3910-10981,L3910-40001,L3910-40041,L3910-40051,L3910-40062,L3910-42001,L3910-52002,L3910-60002,L3910-60042,L3910-60072,L3910-62001,L3910-80002,L3910-80051,L3910-98001,L3910-98031,L3910-98071,L3910-98082,L3910-98112,L3910-98122,LA500-76XXX,LA500-92XXX,LA601-14AXX,NA20X-XXXXX,NAA22-150XX,NBS12-XXXXX,NNF06-XXXXX,NNF08-XXXXX,NNF10-XXXXX,NNF12-XXXXX,NP04X-XXXXX,NP05X-XXXXX,NP06X-XXXXX,NS06X-XXXXX,NS10X-XXXXX,NS12X-XXXXX,NSP08-XXXXX,NUZ10-XXXXX,NZ06X-XXXXX,NZ101-25XXX,NZ16X-XXXXX,NZ20X-XXXXX,NZ221-50XXX,NZA12-125XX,ONA6X-XXXXX,ONB6X-XXXXX,ONBS1-XXXXX,ONCS1-XXXXX,ORG04-0XXXX,ORG06-0XXXX,PC025-016XX,PC032-016XX,PC032-020XX,PC032-025XX,PC032-032XX,PC040-32XXX,PC050-036GX,PC050-036XX,PC050-056XX,PS050-022XX,PS080-020XX,PS080-025XX,PS080-032XX,PS100-050XX,PS100-065XX,RBTC1-2030X,RHAS5-3XXXX,RNSA4-4PXXX,TRK10-025XX,TRK10-030XX,VRB06-4XXXX,W9500-20311,W9500-20321,W9500-20331,W9500-20341,W9500-20351,W9500-20361,W9500-20381,W9500-20391,W9500-20401,W9503-00301,W9503-00311,W9503-00332,W9503-00341,W9503-00351,W9503-00361,W9503-00371,W9503-00381,W9503-00391,W9503-00401,W9503-00411,W9503-00421,W9503-00431,W9503-00441,W9503-00451,W9505-31000,W9505-32031,W9505-33000,W9505-33051,W9505-58141,W9505-58151,W9505-58202,W9505-58212,W9505-58221,W95G4-11001,W95G4-11011,W95G4-11021,W95G4-11031,W95G4-11041,W95G4-12011,W95G4-80011,W95G4-80021,W95G4-80031,W95G4-80041,W95G4-80052,W95G4-80061,W95G4-80071,W95G4-80081,W95G4-80091,W95G4-80101,W95G4-80111,W95G4-80121,W95G4-80131,W95G4-80141,WRA06-XXXXX,WRA08-XXXXX,WRA10-XXXXX,WRA12-XXXXX,WRA14-XXXXX,WRA16-XXXXX,WRS06-XXXXX,WRS10-XXXXX,WS06X-XXXXX,WSA08-XXXXX,WSA14-XXXXX,WSA16-XXXXX,WSA20-XXXXX,WSS06-XXXXX,WSS10-XXXXX,WSS12-XXXXX,(blank),Grand Total
2019-11,7,0,0,0,0,0,0,0,0,0,9,20,8,29,0,2,78,20,18,0,0,0,3,2,0,11,0,0,0,0,0,2,1,2,10,0,73,12,60,51,77,103,12,130,880,1,0,0,55,0,0,18,2,3,0,0,23,5,0,270,3,4,11,15,0,30000,0,0,61,6,0,5,1,59,3251,0,180,8,13,306,102,1,0,18,0,0,0,0,0,0,5,0,0,0,25,0,4,0,0,0,2,10,10,0,75,2,0,56,13,20,5,0,0,0,0,12,1,14,0,3,2,0,3,5,5,111,11700,0,5,11,53,5,2,31,0,1,0,26,0,15,0,0,0,1,0,1,6,3,3,34,1478,58,2,20,1,0,0,0,0,0,1,0,0,1,0,0,16,8,1,1,2,3,154,2,53,6,3,206,220,211,520,0,2,2,0,3,153,49,4,168,0,22,16,9,0,151,122,117,33,5,0,29,0,0,0,0,14,1,0,0,0,10,0,0,25,36,7,47,17,0,70,0,24,0,29,64,0,0,1,0,0,0,1,1,1,0,0,40,47,0,0,318,0,0,0,2,196,9,18,3,3,0,26,0,0,0,6,18,0,14,13,14,0,0,0,0,0,0,0,0,7,2,5,19,206,20,0,0,0,6,1,5,0,0,57,0,9,1,0,0,4,64,9,0,0,2,0,0,183,0,0,0,0,0,0,6,30,3,0,0,1,1,0,0,2,6,6,1,1,20,0,0,0,0,0,50,0,36,0,0,0,0,0,1,0,0,14,15,2,0,26,0,0,0,1,181,9,1,15,2,0,0,20,12,0,0,4,0,0,0,0,10,2,1,0,0,3,0,0,0,0,0,1,0,49,4,22,2,0,0,1,0,0,3,0,0,0,0,28,31,7,0,0,0,0,42,0,10,0,0,180,189,1,3,2,1286,218,0,0,0,0,0,0,1,1,6,0,0,4,4,0,0,0,0,0,0,0,0,0,0,0,0,0,0,0,0,0,0,0,0,0,0,0,0,0,0,0,0,3,2,0,0,1,0,0,0,0,0,0,0,0,0,0,0,0,0,12,0,0,0,0,0,0,0,0,0,0,0,0,0,0,0,0,0,1,0,1,1,3,0,0,0,0,0,0,0,0,0,0,0,0,0,0,0,1242,0,0,0,0,0,0,0,0,0,0,0,0,0,1,0,0,0,0,0,0,7,0,0,0,0,1,0,0,0,3,3,0,0,9,0,16,6,0,0,4,244,0,14,0,0,14,14,8,0,1,1,11,0,0,2,14,0,6,1,0,2,256,7,5,7,0,0,0,0,0,32,0,43,52,10,22,109,60,17,0,0,0,0,0,0,0,10,0,0,0,0,75,11,61,43,12,80,10,6,80,86,86,797,186,0,21,0,162,18,479,0,0,59,91,50,10,0,0,0,10,10,0,6,20,10,5,0,0,5,48,10,41,0,5,3,17,23,16,0,0,0,0,0,0,24,10,1,0,0,0,50,55,1,1,63,10,4,566,0,0,102,9,51,0,32,4,0,145,0,160,1,1,12,0,0,0,2,2,77,13,42,23,0,22,0,14,0,26,16,11,10,0,83,41,48,1,60,114,0,0,2,0,10,1,0,230,49,73,65,55,174,0,0,52,0,0,4,0,0,18,1,12,0,47,5,0,0,0,0,2,6,6,2,2,4,10,2,2,4,4,2,2,2,52,0,2,2,2,2,0,0,0,0,0,0,0,0,2,0,0,0,0,0,2,0,4,0,0,13,38,0,0,0,10,499,164,5,10,10,20,0,0,0,40,10,0,4,23,5,6,0,7,30,1,0,0,8,0,2,0,0,14,0,5,0,0,110,1,0,0,0,24,0,0,4,0,5,4,0,0,0,0,0,0,0,0,0,0,0,0,0,0,0,0,0,0,0,0,0,0,0,0,66,8060,5820,44920,0,0,0,0,0,2,6,6,12,4,0,0,0,0,0,0,0,0,0,0,0,0,0,0,0,0,60,57,0,0,5,0,0,0,77,32,0,0,0,0,0,0,124377
2019-12,10,0,0,0,0,0,0,0,0,0,2,6,1,9,0,1,26,0,8,2,0,0,7,0,1,0,0,0,0,1,0,0,0,0,5,0,0,0,0,10,55,69,0,17,0,0,0,0,25,0,0,0,0,10,0,0,20,0,10,95,3,0,1,13,0,13320,2,2,6,26,0,0,0,16,1074,0,66,10,4,124,12,2,1,13,0,0,0,0,0,0,3,0,0,0,14,0,1,0,2,28,0,3,6,0,13,4,5,5,9,5,2,0,0,0,5,6,0,12,0,0,0,0,2,0,7,61,4140,0,2,0,18,12,5,16,2,0,0,3,1,6,1,0,0,10,0,2,3,1,2,8,694,32,1,3,1,0,0,0,10,12,2,4,5,3,1,1,9,6,1,0,10,2,80,0,13,1,1,76,70,53,89,0,3,10,2,0,70,36,0,117,0,15,0,2,1,55,18,31,4,3,0,17,0,2,0,0,1,0,0,0,0,0,0,0,17,8,8,9,7,1,16,0,9,0,7,18,1,0,0,2,0,0,0,0,2,1,0,22,4,0,0,88,0,0,0,1,51,1,6,0,1,0,19,0,3,0,2,1,1,1,1,13,1,1,0,1,11,0,10,3,5,8,6,27,79,4,0,0,2,2,1,6,2,3,33,1,0,5,3,0,7,26,2,4,1,8,0,2,68,0,0,0,0,0,0,0,18,6,0,0,0,1,0,0,0,2,2,0,3,1,0,0,0,0,0,10,0,10,0,0,0,0,0,1,1,0,15,13,0,0,45,1,0,10,1,89,4,0,0,0,0,0,22,5,0,0,0,0,0,0,0,1,0,0,0,0,0,0,0,0,0,0,0,6,46,2,0,12,0,1,2,0,2,1,0,0,0,0,3,19,0,0,0,0,0,21,0,15,0,0,50,57,1,7,2,578,111,0,0,0,0,0,0,0,0,1,0,0,0,1,0,0,0,0,0,0,0,0,0,0,0,1,0,0,0,0,0,0,0,0,0,0,0,0,0,0,0,0,5,6,0,0,0,0,0,0,0,0,0,0,0,0,0,0,0,0,0,0,0,0,0,0,0,0,0,0,0,0,0,0,0,0,0,0,0,0,0,0,0,0,0,0,0,0,0,0,0,0,2,0,0,0,0,0,1062,1,1,0,1,0,1,0,0,0,1,0,1,0,0,0,0,0,0,0,0,5,0,0,1,0,0,0,0,0,1,0,0,0,20,0,10,1,0,3,0,59,0,5,0,0,9,9,0,0,2,1,0,1,11,2,12,0,2,0,0,1,136,5,4,3,0,0,0,0,0,5,0,2,2,0,19,21,10,0,0,0,0,0,0,0,0,0,0,0,1,24,26,0,3,20,0,0,0,1,10,50,69,373,40,0,4,1,24,0,178,0,2,42,26,20,3,0,0,0,0,5,0,9,5,0,0,0,0,0,7,14,11,0,0,0,18,12,1,0,0,0,0,0,0,30,0,0,0,0,0,30,14,0,0,16,0,0,175,0,0,40,6,10,0,24,2,1,72,0,85,0,0,28,0,1,0,0,6,4,1,8,0,0,5,0,2,0,28,5,2,4,0,40,21,11,1,21,67,0,0,1,1,4,1,0,211,11,40,57,14,117,0,0,17,0,0,0,0,0,15,1,10,1,41,1,0,0,0,0,12,12,10,10,10,0,22,18,10,24,20,12,12,12,26,10,10,10,10,10,0,0,0,0,0,0,0,0,0,0,0,0,0,0,2,0,2,4,0,5,26,0,0,0,0,57,34,0,0,0,0,0,1,0,53,20,0,1,15,2,13,0,10,5,0,0,0,10,0,0,0,0,12,0,2,0,0,103,0,0,0,0,1,0,0,0,0,0,3,0,0,0,0,0,0,0,0,0,0,0,0,0,0,0,0,0,0,0,0,0,0,0,0,23,4320,8560,58920,0,0,0,0,0,0,1,4,3,3,0,0,0,0,0,0,0,0,0,0,0,0,0,0,0,0,0,59,1,0,1,0,0,0,53,22,5,0,0,1,0,0,99292
2020-01,2,0,0,0,0,0,0,0,0,0,0,3,0,3,0,0,32,8,5,0,1,0,2,0,0,0,0,0,0,0,0,0,0,0,0,0,5,0,0,0,2,5,0,6,0,0,0,0,6,0,0,0,0,1,0,0,4,0,0,12,0,0,2,2,0,1680,0,0,1,10,0,2,0,0,259,0,10,2,1,11,0,0,2,0,0,0,0,0,0,0,0,0,0,0,0,0,2,2,2,8,2,2,4,0,3,1,0,0,3,2,0,0,0,0,6,0,8,4,0,0,0,0,0,0,3,10,740,0,1,0,0,1,3,5,0,0,0,0,0,1,1,0,0,0,0,0,2,0,0,0,130,8,1,1,0,1,0,1,0,0,1,0,0,0,0,0,0,0,0,0,0,0,11,0,8,0,0,19,19,19,24,0,1,0,0,0,3,12,4,2,0,4,2,0,0,9,2,2,1,1,0,1,0,0,0,0,0,0,0,0,0,0,0,0,0,2,1,0,0,0,6,0,4,0,5,6,0,0,0,0,0,0,0,0,0,0,0,12,8,0,0,4,0,0,0,0,13,0,0,0,0,0,1,0,0,0,0,0,0,0,0,0,0,0,0,1,1,0,0,0,0,0,1,5,20,2,0,0,0,0,0,0,0,0,5,0,2,1,0,0,0,2,0,0,1,0,0,0,20,0,0,0,1,0,0,0,2,0,0,0,0,1,0,0,0,1,1,0,0,1,0,0,0,0,0,2,0,2,0,1,0,0,0,0,2,0,4,4,0,0,2,0,0,0,0,16,0,0,0,0,0,1,5,1,0,0,1,0,0,0,0,0,0,0,0,0,1,0,0,0,0,0,0,0,14,0,0,1,0,0,0,0,0,0,0,0,0,0,0,0,2,0,0,0,0,0,0,4,0,0,10,8,0,0,0,184,9,0,0,0,0,0,0,0,0,0,0,0,0,0,0,1,0,0,0,0,0,0,0,0,1,0,0,0,0,0,1,0,1,0,0,0,0,0,0,0,0,0,2,1,0,0,0,1,0,0,0,1,0,0,0,0,1,0,0,0,1,0,0,0,0,0,0,0,0,0,0,0,0,0,0,0,0,0,0,0,0,0,0,0,0,0,0,0,0,0,1,1,0,0,0,0,0,0,316,0,0,0,0,0,1,0,0,0,0,1,0,0,0,0,0,0,0,0,0,1,0,0,0,0,0,0,0,0,1,0,0,0,0,0,1,0,0,1,0,12,0,3,0,0,2,1,1,1,0,0,0,0,0,0,4,5,1,0,0,0,20,1,1,0,0,0,0,0,0,0,0,10,2,0,5,4,0,0,0,0,0,0,0,0,0,0,0,0,0,0,1,0,0,0,0,1,0,0,0,0,0,63,0,0,4,0,0,0,17,3,0,0,3,1,0,0,0,0,0,0,0,0,0,0,0,0,0,0,3,0,0,0,0,0,0,1,0,0,0,0,0,0,0,0,0,0,0,0,0,9,9,1,1,11,1,0,41,0,0,10,2,3,0,0,2,0,23,0,14,0,0,4,0,0,0,2,2,0,0,0,0,0,2,0,1,0,4,0,4,4,0,4,3,2,0,7,1,0,0,0,1,1,0,0,8,0,16,14,2,3,0,0,0,0,0,0,0,0,0,0,3,0,2,0,0,0,0,0,0,0,0,0,0,0,0,2,0,0,0,0,0,0,0,0,0,0,0,0,2,0,0,0,0,0,0,0,0,0,0,0,0,0,0,4,0,0,1,0,1,0,0,0,0,27,0,0,0,0,0,0,0,0,2,1,0,0,0,1,2,0,0,0,0,0,0,9,0,4,0,0,0,0,0,0,0,19,0,0,0,0,0,0,0,0,0,0,0,0,0,0,0,0,0,0,0,0,0,0,0,0,0,0,0,0,0,0,0,0,0,0,0,0,520,1660,4380,0,0,0,0,0,0,0,1,3,4,1,0,0,0,0,0,0,0,0,0,0,0,0,0,0,0,0,8,0,0,0,0,0,0,6,3,0,1,0,0,0,0,10970
2020-02,2,0,0,1,0,0,0,0,0,0,0,4,0,5,0,2,0,0,0,0,1,0,2,1,0,0,0,0,0,0,0,0,0,1,0,0,4,0,0,0,0,4,0,36,0,0,0,0,4,0,0,0,0,0,0,0,3,0,0,16,1,0,0,1,0,1300,0,0,32,3,0,4,0,2,32,0,16,2,2,15,0,0,3,0,0,0,0,0,0,0,0,0,0,0,0,0,0,0,0,1,0,0,0,0,4,1,2,0,0,1,8,0,0,1,1,0,1,0,0,0,0,0,0,0,4,9,280,0,2,0,0,0,0,4,0,0,0,0,0,1,0,0,2,0,0,0,0,0,0,0,144,10,0,2,0,0,0,0,2,2,5,0,0,0,0,0,0,2,0,0,1,0,2,0,0,0,1,2,2,2,2,0,2,0,0,0,2,12,4,2,0,8,4,4,0,15,13,0,1,0,0,0,0,0,0,0,0,0,0,0,0,0,0,0,1,1,0,1,3,0,3,0,2,0,4,1,0,0,0,0,0,0,0,0,0,0,0,0,0,0,0,3,0,0,0,0,0,1,0,0,0,0,0,0,0,0,0,0,0,3,0,0,0,0,0,0,1,0,0,0,0,1,1,2,9,3,0,0,0,0,0,0,0,1,5,0,0,0,0,0,1,2,0,0,0,0,0,0,14,1,0,0,0,0,0,0,2,0,0,0,0,0,0,0,0,0,0,0,0,3,0,0,0,0,0,1,0,4,0,0,0,0,0,0,0,0,1,0,0,0,6,0,0,0,0,7,0,0,0,0,0,0,1,0,0,0,1,0,0,0,0,0,0,0,0,0,0,0,0,0,0,0,0,0,0,0,0,0,1,0,0,0,0,0,0,0,0,0,0,0,0,0,0,0,0,4,0,2,0,0,8,10,0,0,0,104,18,0,0,0,0,0,0,0,0,0,0,0,16,0,0,0,0,0,0,0,0,0,0,1,0,0,0,0,0,0,0,0,0,0,0,0,0,0,0,1,0,0,1,5,0,0,0,0,0,0,0,0,0,0,0,0,0,0,0,0,0,0,0,0,0,0,0,0,0,0,0,0,0,0,0,0,0,0,0,0,0,0,0,0,0,0,0,0,0,0,0,0,0,0,0,0,0,0,100,0,0,0,0,0,0,0,0,0,0,0,0,0,0,0,0,0,0,0,0,1,0,0,1,0,0,0,0,0,0,0,0,0,0,0,3,0,0,0,0,10,0,2,0,0,0,3,0,0,0,0,0,1,0,0,0,11,0,1,0,0,21,2,2,0,0,0,1,0,0,0,1,0,2,0,4,2,0,1,0,0,0,0,0,0,0,0,0,0,0,0,0,0,0,0,0,20,0,0,0,10,12,38,0,0,0,0,2,0,20,0,0,0,0,0,0,0,0,0,0,0,0,0,0,0,0,0,0,0,1,0,0,0,0,0,0,0,0,0,0,0,0,0,0,0,0,0,1,1,1,1,3,0,0,1,0,0,44,0,0,47,1,3,0,0,0,0,16,0,13,0,0,1,0,0,0,0,0,0,0,3,0,1,0,2,0,1,2,0,1,1,0,0,0,0,0,2,2,0,0,0,0,0,0,0,6,2,0,10,0,12,0,0,0,0,0,0,0,0,0,0,0,0,0,0,0,0,0,0,0,2,0,0,0,0,0,0,0,4,0,0,2,0,4,0,0,0,0,0,0,0,0,0,0,0,0,0,0,0,0,0,0,0,0,0,2,4,0,1,1,0,0,0,0,23,2,0,0,0,0,0,0,0,0,0,0,0,0,0,2,0,2,0,0,0,0,1,0,4,0,0,0,0,0,0,0,4,0,0,0,1,0,0,0,0,0,0,0,0,0,0,0,0,0,0,0,0,0,0,0,0,0,0,0,0,0,0,0,0,0,0,0,0,160,760,9160,1,1,0,0,0,0,0,0,0,0,0,0,0,0,0,0,0,0,0,0,0,0,0,0,0,0,0,8,0,0,0,0,0,0,19,0,0,0,0,0,0,0,12946
2020-03,2,0,0,0,0,0,0,0,0,0,0,3,0,3,0,0,24,0,12,3,0,0,0,0,1,11,0,0,0,0,0,0,0,0,0,0,0,0,0,0,4,0,0,7,0,0,0,0,14,0,0,0,2,1,0,0,11,0,0,35,0,0,0,1,0,1040,2,0,20,14,0,0,0,0,50,0,2,2,0,40,0,0,0,1,0,0,0,0,0,0,0,0,0,0,2,0,0,0,0,1,0,1,0,0,2,2,0,4,3,0,0,0,0,0,1,1,8,0,0,0,0,0,0,0,0,5,500,0,5,0,0,0,0,3,0,0,0,0,0,0,0,0,0,0,1,0,0,1,1,2,142,3,0,2,0,0,0,0,0,0,1,0,0,0,0,0,0,1,0,0,0,0,2,0,0,0,2,0,0,2,0,0,0,0,0,0,0,6,0,0,0,0,0,0,0,9,4,7,10,0,0,5,0,0,0,0,0,0,0,0,0,0,0,0,11,2,0,1,1,2,6,0,4,0,6,4,0,0,0,0,0,0,0,0,0,0,0,2,2,0,0,2,0,0,0,0,13,0,0,0,1,0,4,0,0,0,0,0,0,0,0,3,1,0,0,0,0,0,0,0,0,1,1,2,2,1,0,0,0,0,0,0,0,0,4,0,0,0,0,0,1,1,0,0,0,0,0,0,6,0,0,0,0,0,0,0,2,0,0,0,0,0,0,0,1,0,0,0,0,10,0,0,0,0,0,2,0,0,0,0,0,0,0,0,1,0,1,1,0,1,1,0,0,0,1,3,1,0,0,0,0,0,2,1,0,0,1,0,0,0,0,0,0,0,0,1,0,0,0,1,1,0,0,0,2,0,0,2,0,0,1,0,0,0,0,0,0,0,2,6,2,0,0,0,0,5,1,0,0,1,15,12,0,0,1,74,46,0,0,0,0,0,0,0,0,0,0,0,4,0,0,0,0,0,0,0,0,0,0,1,0,0,0,0,0,0,0,0,0,0,0,0,0,0,0,0,0,0,0,0,0,0,2,0,0,0,0,0,0,0,0,0,1,0,0,0,0,0,0,0,0,0,5,0,0,0,0,0,0,0,0,0,0,0,5,0,0,0,0,0,0,0,0,0,0,0,0,0,0,0,0,0,0,0,396,0,0,0,0,1,0,0,0,0,0,0,0,0,1,0,0,0,0,0,0,1,0,0,0,0,0,0,0,0,0,0,0,0,2,1,1,0,0,0,0,2,0,1,0,0,0,1,0,0,0,0,0,0,0,0,8,0,0,0,0,0,65,0,0,1,0,0,0,0,0,0,0,0,0,0,2,2,4,0,0,0,0,0,0,0,0,0,0,0,0,0,12,0,0,0,0,23,0,2,0,0,4,24,6,0,0,0,0,2,12,0,0,4,0,0,0,0,0,0,0,0,0,0,0,0,0,1,0,0,0,0,0,0,0,0,1,0,0,0,0,0,0,0,0,0,0,0,0,0,0,2,5,0,0,5,0,0,42,0,0,4,5,0,0,0,0,0,4,0,6,0,0,2,0,0,1,0,4,0,0,0,0,0,2,0,1,0,2,2,0,0,0,1,0,0,0,0,0,0,0,0,0,0,0,0,4,0,2,6,1,5,0,0,0,0,0,1,0,0,0,0,0,0,2,1,0,0,0,0,2,2,0,2,0,2,4,2,2,4,4,2,2,2,4,0,0,0,0,0,0,0,0,0,0,0,0,0,2,0,0,0,0,0,0,0,0,0,0,0,0,0,0,0,0,3,0,0,0,0,0,0,0,0,0,0,0,0,2,0,2,0,1,10,0,0,0,0,0,0,0,0,2,0,0,0,0,4,4,1,1,0,0,0,1,0,0,0,0,0,0,0,0,0,0,0,0,0,0,0,0,0,0,0,0,0,0,0,0,0,0,0,0,2,1460,900,11720,0,0,0,0,0,0,0,1,5,0,0,0,0,0,0,0,0,0,0,0,0,0,0,0,0,0,12,2,0,0,0,0,0,0,3,0,0,0,0,0,0,0,17210
2020-04,3,0,0,0,0,0,0,0,0,1,1,4,1,3,0,0,10,8,10,0,0,0,10,0,0,0,0,0,0,0,0,0,0,0,0,0,0,0,0,2,15,0,1,6,0,0,0,0,1,0,0,0,2,0,0,0,8,0,0,8,1,0,0,9,0,1484,0,0,60,0,0,0,0,0,201,0,0,3,0,41,0,0,0,4,0,0,0,0,0,0,1,0,0,0,0,0,1,0,0,0,0,1,0,0,2,0,2,12,2,0,2,0,0,1,0,0,0,0,0,0,0,0,0,4,1,3,720,0,0,0,0,0,0,0,0,0,0,1,0,0,1,0,0,0,0,1,0,0,0,0,84,4,1,5,0,0,0,0,0,0,0,0,0,0,1,1,0,0,0,0,2,2,7,0,0,0,0,10,10,10,20,0,0,1,0,0,7,5,2,6,0,2,2,2,0,11,0,1,1,0,0,1,0,0,0,3,0,5,0,0,0,1,0,0,2,4,0,0,0,0,2,0,1,0,1,4,0,0,0,0,0,0,0,0,0,0,0,3,0,0,1,20,0,0,0,0,0,1,0,0,0,0,3,0,0,0,1,0,0,0,0,0,0,0,0,0,1,0,0,0,1,1,0,9,35,1,0,0,0,0,0,0,0,0,2,1,0,0,0,0,2,9,0,0,0,0,0,0,8,0,0,0,0,0,0,0,1,0,0,0,0,0,0,0,0,0,0,0,0,0,0,0,0,0,0,2,0,2,0,1,0,0,0,0,0,0,3,3,0,0,2,0,0,1,1,8,0,0,0,0,0,0,2,1,0,0,1,0,0,0,0,0,0,0,0,1,0,0,0,1,1,0,0,0,2,0,0,2,0,0,0,0,0,0,0,0,0,0,2,8,4,0,0,0,0,1,1,0,0,0,3,7,0,0,0,72,26,0,0,0,0,0,0,0,0,0,0,0,4,0,0,0,0,0,0,0,0,0,0,1,0,0,0,0,0,0,0,0,0,0,0,0,0,0,0,0,0,0,0,0,0,0,0,0,0,0,0,0,0,0,0,0,0,0,0,0,0,0,0,0,0,0,0,0,0,0,0,0,0,0,0,0,0,1,1,0,0,0,0,0,0,0,0,0,0,0,0,0,0,0,0,0,0,0,370,0,0,0,0,0,0,0,0,0,0,0,0,0,0,0,0,0,0,0,0,1,0,0,1,0,0,0,0,0,0,1,0,0,5,0,3,0,0,1,0,18,0,2,0,0,1,6,0,0,0,0,0,0,0,0,0,0,1,0,0,0,19,0,2,0,0,0,0,0,0,0,0,0,2,0,0,1,0,0,0,0,0,0,0,0,0,0,0,2,0,0,12,6,0,0,0,50,0,0,0,4,5,13,16,0,4,0,2,0,5,10,6,0,2,70,0,0,0,0,0,0,0,0,0,0,0,0,0,0,4,0,2,0,0,0,1,0,0,0,0,0,0,0,0,3,1,0,0,0,0,8,2,0,0,1,0,0,33,0,0,2,0,0,0,2,1,0,6,0,2,0,0,0,0,0,1,0,0,0,1,2,0,0,1,0,1,0,2,1,0,0,0,2,1,1,0,0,1,0,0,1,0,0,0,0,7,1,7,2,0,4,0,0,0,0,0,0,0,0,0,0,1,0,3,0,0,0,0,0,2,2,4,2,0,0,4,2,0,4,4,2,2,2,6,0,0,0,0,0,0,1,1,8,0,0,0,0,0,0,0,0,0,0,0,0,0,0,0,1,2,0,0,0,0,77,3,0,0,0,0,0,0,1,24,0,0,0,2,0,3,0,2,0,0,7,0,3,0,2,0,0,2,0,0,0,0,0,0,1,1,0,0,1,0,0,0,10,0,0,0,0,0,0,0,0,0,0,0,0,0,0,0,0,0,0,0,0,0,0,0,0,0,5,360,2640,15500,0,0,0,0,0,0,0,0,0,0,0,0,0,0,0,0,0,0,0,0,0,0,0,0,0,0,6,12,0,0,2,0,0,0,7,1,0,0,0,0,1,0,22609
2020-05,0,0,0,0,0,0,0,0,0,0,0,4,0,3,0,0,6,0,2,0,0,0,0,0,0,0,0,0,0,0,0,0,0,0,0,0,8,0,0,1,0,8,0,12,0,0,0,0,0,0,0,0,0,0,0,0,0,0,0,3,0,0,0,1,0,500,0,0,1,0,0,0,0,0,50,0,16,0,0,0,0,0,0,0,0,0,0,0,0,0,0,0,0,0,0,0,0,0,0,0,0,0,0,0,0,0,0,0,0,0,0,0,0,0,0,0,0,1,0,0,0,0,0,0,0,3,120,0,0,0,0,0,0,0,0,0,0,0,0,0,0,0,0,0,0,0,0,0,0,0,24,0,0,0,0,0,0,0,0,0,0,0,0,0,0,0,0,0,0,0,0,0,1,0,0,0,0,0,0,0,0,0,0,0,0,0,3,3,1,1,0,0,0,0,0,2,0,1,1,0,0,0,0,0,0,0,0,0,0,0,0,0,0,0,0,0,0,0,0,0,2,0,7,0,0,2,0,0,0,0,0,0,0,0,0,0,0,5,2,0,0,0,0,0,0,0,15,0,0,0,0,0,0,0,0,0,0,0,0,0,0,0,0,0,0,0,2,0,0,0,0,0,0,0,4,1,0,0,0,0,0,0,0,0,1,0,0,0,0,0,2,1,0,0,0,0,0,0,7,0,0,0,0,0,0,0,2,0,0,0,0,0,0,0,0,0,0,0,0,1,0,0,0,0,0,2,0,0,0,1,0,0,0,0,0,0,0,0,0,0,1,0,0,0,0,5,0,0,0,0,0,0,0,0,0,0,0,0,0,0,0,0,0,0,0,0,0,0,0,0,0,0,0,0,4,0,0,0,0,0,0,0,0,0,0,0,0,0,0,0,0,0,0,0,0,0,0,2,0,0,0,1,0,0,0,30,2,0,0,0,0,0,0,0,0,0,0,0,2,0,0,0,0,0,0,0,0,0,0,0,0,0,0,0,0,0,1,0,0,0,0,0,0,0,0,0,0,0,0,0,0,0,0,0,0,0,0,0,0,0,0,0,0,0,0,0,1,0,0,0,0,0,0,0,0,0,0,0,0,0,0,0,0,0,0,0,0,0,0,0,0,0,0,0,0,0,0,0,0,0,0,0,0,0,0,0,0,0,0,0,0,0,0,0,0,0,0,0,0,0,0,0,0,0,0,0,0,0,0,0,0,0,0,0,0,0,0,0,0,0,0,0,0,1,0,0,0,0,0,0,0,3,0,0,0,0,0,0,0,0,0,0,0,0,0,0,9,0,0,0,0,0,0,0,0,2,0,2,0,0,0,0,0,0,0,0,0,0,0,0,0,0,0,0,0,0,0,0,0,0,0,0,0,0,0,4,0,0,0,0,0,0,0,0,0,0,0,6,0,0,0,0,0,0,0,0,0,0,0,0,0,0,0,0,0,0,0,0,0,0,0,0,0,0,0,0,0,0,0,0,0,0,0,0,0,1,0,0,0,1,0,0,7,0,0,0,0,1,0,0,0,0,12,0,8,0,0,0,0,0,0,0,0,3,0,0,0,0,0,0,0,0,0,0,0,0,0,2,0,3,0,2,0,0,0,0,0,2,0,0,2,0,2,4,0,2,0,0,4,0,0,0,0,0,0,0,3,0,1,0,0,0,0,0,0,0,0,0,0,0,0,0,0,0,0,0,0,0,0,0,0,0,0,0,0,0,0,0,0,0,0,0,0,0,0,0,0,0,0,0,0,0,0,0,1,0,0,0,0,5,0,0,0,0,0,0,0,0,0,0,0,0,0,0,0,0,6,0,10,3,0,0,0,3,0,0,0,0,2,0,0,0,0,0,0,0,0,0,0,0,0,0,0,0,0,0,0,0,0,0,0,0,0,0,0,0,0,0,0,0,0,0,0,0,0,0,0,0,20,420,2620,0,0,0,0,0,0,0,1,0,0,0,0,0,0,0,0,0,0,0,0,0,0,0,0,0,0,0,4,0,0,0,0,0,0,1,0,0,0,0,0,0,0,4065
2020-06,2,0,0,0,0,0,0,0,0,0,0,0,0,1,0,2,0,0,10,0,2,0,4,0,0,0,0,0,0,0,0,0,0,0,0,0,0,0,0,0,3,0,0,2,0,0,0,0,6,0,0,0,0,0,0,0,0,10,0,4,0,0,0,0,0,320,0,0,20,0,0,0,0,0,23,0,0,2,0,0,0,0,0,2,0,0,0,0,0,0,0,0,0,0,0,0,0,0,0,0,0,0,0,0,2,0,0,4,0,0,2,0,0,0,0,0,0,2,0,0,0,0,0,0,0,0,60,0,0,0,0,0,0,0,0,0,0,10,0,0,0,0,0,4,0,0,0,0,0,0,12,0,0,0,1,0,0,0,0,0,0,0,1,0,0,0,0,1,0,0,6,5,0,0,0,0,0,0,0,1,6,0,0,0,0,0,0,0,0,2,0,0,0,0,0,0,10,0,0,0,0,1,0,0,0,0,0,0,0,0,0,0,0,0,0,0,1,0,3,0,3,0,0,0,4,1,0,0,0,0,0,0,0,0,0,0,0,2,2,0,0,2,0,0,0,0,4,0,0,0,0,0,0,0,0,0,0,0,0,0,0,0,0,0,0,0,0,0,0,0,0,0,1,1,10,1,0,0,0,0,0,0,0,0,0,0,0,0,0,0,0,2,0,0,0,0,0,0,0,0,0,0,0,0,0,0,1,0,0,0,0,0,0,0,1,1,0,0,0,0,0,0,0,0,0,1,0,0,0,0,0,0,0,0,0,0,0,0,0,0,0,3,0,0,0,0,0,0,0,0,0,0,3,0,0,0,0,0,0,0,0,0,0,0,0,0,0,0,1,0,0,0,0,1,2,0,0,2,0,0,0,0,0,0,0,0,0,0,0,0,0,0,0,0,0,0,0,0,0,0,0,1,0,0,0,34,2,0,0,0,0,0,0,0,0,0,0,0,0,1,0,0,0,0,0,0,0,2,0,2,1,3,0,0,0,0,0,0,1,0,0,0,0,0,0,0,0,0,0,0,0,0,0,0,0,0,0,0,0,0,0,0,0,0,0,0,0,0,0,0,0,0,0,0,0,0,0,0,0,0,0,0,0,0,0,0,0,0,0,0,0,0,0,0,0,0,0,0,0,0,0,0,0,0,0,0,0,0,0,0,0,0,0,0,0,0,0,0,0,0,0,0,0,0,0,0,0,0,0,0,0,0,0,0,0,0,0,0,0,0,0,0,0,0,0,7,0,0,0,0,0,0,0,0,0,0,0,0,0,0,0,0,0,0,0,0,2,0,0,0,1,1,0,0,0,0,0,1,1,0,0,0,6,0,0,4,0,0,2,0,0,0,0,0,0,0,0,0,0,0,0,20,0,0,0,0,20,10,0,0,0,0,1,0,0,0,0,0,0,0,1,0,0,0,0,0,0,0,0,0,0,0,1,0,0,0,0,0,0,0,5,0,0,0,0,4,0,0,0,0,0,0,1,1,1,0,0,0,0,0,0,0,20,0,0,0,2,0,0,7,0,0,2,0,1,0,0,0,0,0,0,0,0,0,0,0,2,1,0,2,0,1,0,0,0,0,0,0,5,0,0,0,0,0,0,0,0,0,0,0,2,2,6,2,0,0,0,0,0,0,0,0,0,0,0,0,0,0,0,0,0,0,0,0,2,2,2,2,2,0,4,4,2,4,4,2,2,2,4,2,2,2,2,8,0,0,0,0,0,0,0,0,0,0,0,0,0,0,0,0,0,0,0,0,1,0,0,0,0,2,0,0,4,0,0,7,3,0,2,0,0,0,6,0,2,0,2,0,0,0,0,1,0,0,0,0,4,4,0,0,0,2,0,0,0,0,0,0,0,0,0,0,0,0,0,0,0,0,0,0,0,0,0,0,0,0,0,0,0,0,0,0,0,0,0,0,0,2,80,120,680,0,0,0,0,0,0,0,0,0,0,0,0,0,0,0,0,0,0,0,0,0,0,0,0,0,0,0,0,0,0,0,0,0,0,2,0,0,0,4,3,0,0,1773
2020-07,0,0,0,1,0,0,0,0,0,0,0,0,0,0,0,0,0,4,0,0,2,0,0,0,0,0,0,0,0,0,0,0,0,0,0,0,0,0,0,0,2,0,0,10,0,0,0,0,22,0,0,0,0,0,0,0,6,0,0,29,0,0,0,0,0,360,0,0,0,0,0,0,0,0,30,0,0,0,0,29,0,0,2,0,0,0,0,0,0,0,0,0,0,0,0,0,0,0,0,2,0,0,0,0,0,0,0,0,0,1,0,0,0,0,8,0,0,0,0,0,0,0,0,0,0,0,100,0,0,0,0,0,0,0,0,0,0,0,0,0,0,0,0,0,0,0,0,0,0,0,18,0,0,0,0,0,0,0,0,0,0,0,0,0,0,0,0,0,0,0,1,1,7,0,8,0,0,5,5,3,9,0,0,0,0,0,2,0,0,0,0,0,0,0,0,8,2,12,11,1,0,1,0,0,0,0,0,0,0,0,0,1,0,0,1,0,0,1,1,0,4,0,1,0,1,2,0,0,0,0,0,0,0,0,0,0,0,2,1,0,0,0,0,0,0,0,4,0,0,0,0,0,0,0,0,0,1,0,0,1,1,0,0,0,0,0,0,0,0,0,0,1,0,1,0,1,0,0,0,1,0,0,0,0,0,0,0,0,0,0,0,1,0,0,0,0,0,0,18,0,0,0,0,0,0,0,3,1,0,0,0,0,0,0,0,0,0,0,0,0,0,0,0,0,0,1,0,0,0,0,0,0,0,0,0,0,4,3,0,0,1,1,0,0,0,1,0,0,0,0,0,0,1,0,0,0,0,2,0,0,0,0,0,0,0,0,0,0,1,0,0,0,0,0,6,0,0,0,1,0,0,0,0,0,0,0,0,0,0,1,0,0,0,0,0,0,0,1,0,0,2,2,1,1,0,94,21,0,0,0,0,0,0,0,0,0,0,0,0,1,1,0,0,0,0,0,0,0,0,0,0,4,0,0,0,0,0,0,0,0,0,0,0,1,1,1,0,0,0,0,0,0,0,0,0,0,0,0,0,0,0,0,0,0,0,0,0,0,0,0,0,0,0,0,0,0,0,0,0,0,0,0,0,0,0,0,0,0,0,0,0,0,0,0,0,0,0,0,0,0,0,0,0,0,0,0,0,0,0,0,0,0,0,0,0,0,0,0,0,0,0,0,0,0,0,1,0,0,0,0,0,0,0,0,0,0,0,0,0,0,0,0,0,0,0,4,0,0,0,0,0,0,0,0,0,0,0,0,0,0,0,0,0,0,0,0,55,2,0,0,1,1,0,0,0,0,0,0,0,0,0,0,0,0,0,0,0,0,0,0,0,0,0,0,1,0,0,0,0,0,0,0,0,0,0,4,1,6,0,0,0,0,0,0,12,0,0,0,2,0,0,0,0,0,0,0,0,0,0,0,0,0,0,0,0,0,1,0,0,0,0,0,0,0,0,0,0,0,0,0,0,0,2,2,2,0,0,0,0,0,0,0,49,0,0,2,3,0,0,0,0,0,12,0,8,0,0,0,0,0,0,0,0,1,0,0,0,1,0,2,0,1,0,0,0,0,0,0,0,0,1,0,0,0,0,0,0,0,0,0,0,0,0,0,0,0,0,1,0,0,1,1,0,0,0,0,0,0,0,0,0,0,2,0,0,0,0,0,0,0,0,0,0,0,0,0,0,0,0,0,0,0,0,0,0,0,0,0,0,0,1,0,0,0,0,0,0,0,0,0,0,0,0,0,0,0,0,0,0,10,0,0,0,0,0,0,1,0,0,0,0,0,0,0,0,0,0,0,0,0,0,0,0,0,0,0,0,0,0,0,0,0,0,0,0,3,0,0,0,0,2,0,0,0,0,0,0,0,0,0,0,0,0,0,0,0,0,0,1,0,1,0,0,0,1,1,0,0,180,1920,151900,0,0,0,0,0,0,0,0,0,0,0,1,0,0,1,1,1,1,0,1,0,0,0,1,0,0,0,0,0,0,0,0,0,0,0,0,0,0,0,1,0,0,155116
2020-08,6,0,0,0,0,0,0,0,0,0,0,0,0,0,0,0,2,0,10,2,0,0,0,0,0,0,0,0,0,0,0,0,0,2,0,0,0,0,0,0,0,3,0,0,0,0,0,0,7,0,0,0,2,0,0,0,7,0,0,22,5,0,0,2,1,2680,0,0,2,2,0,0,0,0,214,0,0,6,0,43,0,0,1,1,0,0,0,0,0,0,0,0,0,0,2,0,0,0,0,0,0,0,0,0,0,0,0,0,3,0,3,0,2,0,0,2,0,0,0,0,0,0,0,0,0,3,920,0,0,0,0,0,0,0,0,0,0,0,0,1,0,0,0,0,0,0,0,0,0,0,66,4,0,0,2,0,0,0,0,0,0,0,0,0,1,1,1,1,0,0,2,2,0,0,1,0,0,4,4,17,15,0,1,0,0,0,2,0,0,1,0,1,0,0,0,12,0,6,2,1,0,3,0,0,0,0,0,0,0,0,0,0,0,0,0,2,0,0,8,0,10,0,9,0,8,4,0,2,1,0,0,2,1,0,1,0,0,5,9,0,0,5,0,0,0,0,12,0,0,0,0,0,1,0,0,0,0,0,0,0,0,0,0,0,0,0,0,0,0,0,0,0,1,5,3,1,0,0,0,0,0,0,0,0,1,0,0,0,0,0,1,5,0,0,1,0,0,0,28,0,0,0,0,0,0,0,3,0,0,0,0,0,0,0,0,0,0,0,0,0,0,0,0,0,0,3,0,0,0,0,0,0,0,0,0,0,4,2,0,0,1,0,0,0,0,6,0,0,0,0,0,0,7,1,0,0,0,0,0,0,0,0,0,0,0,0,0,0,0,0,0,0,0,0,0,0,0,6,0,0,0,0,0,0,0,0,0,0,2,9,1,0,0,0,0,0,0,3,0,0,10,13,0,0,0,204,17,0,0,0,0,0,0,0,0,0,0,0,0,0,0,0,0,0,0,0,0,0,0,2,0,0,0,0,0,0,0,0,0,0,0,0,0,1,0,0,0,0,3,0,0,0,0,0,0,0,0,0,0,0,0,0,0,0,0,0,2,0,0,0,0,0,0,0,0,0,0,0,0,0,0,0,0,0,0,0,0,0,0,0,0,0,0,0,0,0,0,0,0,0,0,0,0,0,68,0,0,0,0,0,0,0,0,0,0,0,0,0,0,0,0,0,0,0,5,0,0,0,0,0,0,0,3,0,0,0,0,0,3,0,3,0,0,0,0,6,5,1,0,0,0,2,0,0,0,0,0,0,0,0,6,1,0,0,0,0,18,0,0,1,0,0,0,0,0,0,0,0,2,0,0,1,2,0,0,0,0,0,0,0,1,0,0,2,0,0,0,0,0,0,0,0,0,0,0,0,4,60,10,0,0,0,1,0,32,0,0,0,0,0,0,0,0,0,0,0,0,0,0,0,0,0,0,0,1,0,0,0,0,0,0,0,0,0,0,0,0,0,0,0,0,0,1,1,1,0,20,0,0,0,0,0,84,0,0,0,1,1,4,0,0,0,4,0,20,2,2,0,0,0,0,3,3,0,1,1,0,0,1,0,1,0,0,1,0,0,0,0,4,0,2,0,0,0,0,0,0,0,0,0,1,0,5,90,0,0,0,0,1,0,0,0,0,0,0,0,0,0,0,0,0,0,0,0,4,6,4,6,4,2,12,6,6,12,12,6,6,6,16,4,4,4,4,4,0,0,0,0,0,0,0,0,0,0,0,0,0,0,2,0,0,0,0,1,2,0,0,0,0,16,0,0,0,0,0,0,0,0,30,0,0,0,0,0,6,0,6,0,20,0,0,0,0,0,0,0,0,0,0,0,0,4,0,0,0,0,0,0,0,0,0,0,0,0,0,0,0,0,0,0,0,0,0,0,0,0,0,0,0,0,0,0,0,0,0,0,0,0,420,5000,52480,0,0,0,0,0,0,0,0,0,0,1,0,0,0,0,0,0,0,0,0,0,0,0,0,0,0,1,0,0,0,0,0,1,0,10,0,0,0,0,0,0,0,63153
2020-09,4,0,0,0,0,0,0,0,0,0,3,8,2,4,0,0,0,0,0,0,0,0,0,0,0,1,0,0,0,0,0,0,0,0,0,0,0,2,0,1,38,4,0,23,0,1,1,0,0,0,0,0,0,0,0,0,17,0,0,34,0,1,0,2,1,7340,1,2,19,9,0,0,0,0,651,0,16,2,20,70,0,0,0,7,0,0,0,0,0,0,15,0,0,0,0,1,0,0,0,0,0,0,3,0,4,7,0,0,2,0,2,0,0,0,0,0,13,0,0,0,0,0,0,4,0,3,1920,0,2,0,3,1,0,1,0,0,0,0,0,14,1,0,0,0,0,0,0,0,1,0,208,4,1,0,0,0,0,0,0,0,0,0,0,0,0,0,0,0,0,1,0,0,24,0,9,0,0,18,58,42,122,0,2,2,0,0,15,2,0,9,0,0,0,0,0,68,62,13,4,2,0,1,0,0,0,0,0,0,0,0,0,1,2,0,0,12,1,0,25,1,24,1,35,1,29,16,2,0,0,0,0,0,0,0,0,0,0,38,33,0,0,1,0,0,0,0,56,0,1,1,0,0,2,0,0,0,1,0,1,0,0,0,0,0,0,1,0,0,0,0,0,0,7,10,6,2,1,1,2,6,0,0,0,0,2,0,0,0,0,0,2,4,2,0,0,0,0,0,61,1,0,0,0,0,0,0,4,1,0,0,0,0,0,0,0,1,1,0,0,12,0,0,0,0,0,13,0,0,0,1,0,0,0,1,0,0,3,3,0,0,5,2,0,0,0,58,3,0,0,0,0,0,7,3,0,0,4,0,0,0,0,0,0,0,0,0,1,0,0,0,0,0,0,0,5,0,0,4,0,0,0,0,1,0,0,0,0,0,1,4,1,0,0,0,0,0,0,2,0,0,22,14,0,0,0,126,54,0,0,0,0,0,0,0,0,0,0,0,21,0,0,0,0,0,0,0,0,0,0,1,2,2,1,0,0,0,0,0,0,0,0,0,0,0,0,0,0,0,0,0,0,0,1,0,0,0,0,0,0,0,0,0,0,0,0,0,1,0,0,0,0,0,0,0,0,0,0,0,0,0,0,0,0,0,0,0,0,0,0,0,0,0,0,0,0,0,0,0,0,0,0,0,0,0,460,0,0,0,0,0,0,0,0,0,0,0,0,0,0,0,0,0,0,0,0,0,0,0,0,0,0,0,0,0,0,0,0,0,0,0,0,0,0,0,0,16,0,0,0,0,2,3,0,0,1,0,0,1,0,0,4,5,1,0,0,0,92,0,0,0,0,0,0,0,0,0,0,0,20,0,13,8,0,1,0,0,0,0,0,0,0,0,0,7,2,0,2,8,0,0,0,0,0,7,0,55,47,165,36,0,2,0,2,0,42,0,0,10,6,0,0,0,0,0,0,0,0,2,0,0,0,0,0,0,0,0,0,0,0,0,0,2,0,1,0,0,8,0,0,0,0,0,0,0,0,3,27,0,0,22,2,1,95,0,0,38,0,3,0,0,2,0,50,0,32,0,0,3,0,0,0,2,0,4,1,1,0,0,7,0,5,0,5,7,6,5,0,21,7,17,0,0,0,0,0,0,0,1,0,0,14,1,18,14,1,5,0,0,1,0,0,0,0,0,1,0,1,0,7,0,0,0,0,0,0,0,0,0,0,0,4,2,0,4,4,2,2,2,8,0,0,0,0,0,0,0,0,0,0,0,0,0,0,0,0,0,0,0,2,2,0,0,0,2,5,0,0,0,0,134,0,0,0,0,8,0,2,0,81,0,0,0,2,2,2,0,22,0,20,0,0,16,0,0,0,0,1,0,0,0,0,22,0,0,0,0,0,0,0,1,0,0,0,0,0,0,0,0,0,0,0,0,1,1,0,1,1,1,1,1,1,1,1,1,1,1,1,2,2240,6940,86720,0,0,0,0,0,0,0,0,0,0,0,0,1,1,0,0,0,0,0,0,0,0,0,0,0,8,0,14,1,0,0,0,0,0,22,10,0,2,0,2,0,0,109516
2020-10,26,0,0,1,0,2,0,0,0,0,0,6,2,6,0,0,32,0,8,7,0,0,0,0,0,4,0,0,0,0,2,0,0,0,0,0,20,0,0,20,21,5,1,26,0,0,0,0,29,0,0,3,0,0,0,0,19,0,0,176,0,2,2,6,0,4900,0,3,100,24,0,0,0,15,603,0,2,27,0,90,0,0,0,21,0,0,2,0,0,0,0,2,1,0,0,0,8,0,0,8,0,2,4,0,14,0,0,0,3,0,0,0,0,0,10,15,0,2,0,0,0,0,0,0,2,21,2520,0,4,0,7,0,0,3,2,0,0,21,0,0,1,0,0,0,0,1,2,0,0,5,374,10,0,0,5,0,1,0,1,10,0,2,2,0,0,0,2,1,0,0,0,0,73,0,2,4,0,112,162,103,138,0,2,0,0,2,16,2,0,55,0,0,0,0,0,88,25,23,14,0,0,1,0,0,0,1,2,1,0,0,0,2,0,0,4,10,0,22,13,0,57,0,42,0,16,15,0,0,0,0,0,0,0,0,0,0,0,61,31,0,0,43,0,0,1,0,106,5,6,0,0,0,38,0,0,0,1,2,0,0,0,7,0,0,0,1,5,0,0,3,0,1,5,12,25,3,0,0,5,1,6,2,0,0,16,0,0,0,10,0,1,13,0,0,2,5,0,5,297,0,0,0,0,0,0,0,4,3,0,0,0,0,0,0,0,0,1,2,2,4,0,0,0,0,0,11,0,0,0,0,0,0,0,0,0,0,3,1,0,0,2,0,0,0,3,53,3,0,0,0,0,0,14,7,0,0,1,0,0,0,0,3,0,0,0,0,0,0,0,0,0,0,1,2,0,0,0,22,0,1,0,0,0,0,0,0,0,0,4,13,3,0,0,0,2,34,0,1,0,1,69,69,0,1,0,796,35,0,0,0,0,0,0,0,0,0,0,0,0,1,0,0,0,0,0,0,0,1,0,0,0,0,0,0,0,0,0,0,0,0,0,0,0,1,0,0,0,0,0,6,0,0,0,0,0,0,0,0,0,0,0,0,2,0,0,0,17,0,0,0,0,1,1,0,0,0,0,0,0,0,0,0,0,0,0,0,0,0,0,0,0,0,0,0,0,0,0,0,0,0,0,0,0,0,1364,0,0,0,0,0,0,0,0,0,0,0,0,0,0,0,0,0,0,0,0,1,0,0,0,0,0,0,0,0,0,0,0,0,1,0,0,0,0,3,10,44,0,2,0,0,0,7,7,0,0,0,2,1,0,14,22,5,2,0,0,2,131,4,0,0,0,0,0,0,0,9,0,38,10,0,8,9,14,0,0,0,0,0,0,1,1,0,0,0,0,0,0,0,0,0,0,130,0,0,0,10,19,121,7,0,20,2,5,2,61,0,0,7,9,0,4,0,0,0,0,0,0,0,20,0,0,0,10,0,0,0,6,0,0,0,2,0,0,0,10,0,0,2,0,10,0,0,1,1,1,27,6,1,4,31,2,0,181,0,0,28,4,1,0,34,6,0,97,0,111,0,0,10,0,0,0,16,0,2,7,20,4,0,16,0,1,0,5,4,5,2,0,13,19,11,2,9,11,0,0,0,1,0,2,0,76,7,11,13,6,27,0,0,22,0,0,2,0,0,1,2,2,0,8,3,0,0,0,0,18,26,16,26,12,6,54,24,20,48,48,26,26,22,64,12,12,12,14,12,0,0,0,0,0,0,0,0,0,0,0,0,0,0,2,0,6,0,2,5,8,0,0,0,2,238,8,0,0,0,1,0,1,0,15,0,0,0,6,0,32,0,18,4,10,5,0,7,0,0,0,0,0,0,0,1,4,10,0,0,0,0,12,0,0,2,0,0,4,0,0,0,0,0,0,0,0,0,2,2,2,2,2,2,2,2,2,2,2,2,2,2,4,10,4300,7760,57980,0,0,0,0,0,0,0,0,2,0,0,0,0,0,0,0,0,0,0,0,0,0,0,0,0,0,10,2,0,0,0,0,2,0,18,0,0,0,0,1,0,0,86269
2020-11,17,0,2,1,0,0,0,1,1,5,9,20,9,21,0,0,86,34,20,11,1,0,7,0,0,39,0,0,0,0,0,3,0,0,0,0,44,0,0,29,10,14,14,71,0,0,0,0,41,0,10,1,0,2,0,0,28,2,5,267,0,3,4,18,0,25700,2,0,145,31,2,2,0,36,3524,2,104,8,10,296,0,14,6,31,0,0,0,0,0,0,0,0,0,0,9,1,8,0,4,18,1,5,31,2,65,7,3,47,13,0,32,0,0,12,13,3,3,12,8,0,12,0,0,2,4,69,13400,0,0,8,19,2,4,17,1,0,16,47,2,3,0,0,15,0,0,20,2,5,5,8,1378,47,5,5,3,0,0,0,2,3,1,0,0,1,2,0,8,5,2,0,0,0,110,0,26,0,2,285,253,296,471,0,1,1,0,1,48,24,5,84,2,8,5,2,0,149,69,80,32,13,2,9,1,0,0,0,0,1,0,10,2,13,10,0,5,18,21,14,23,1,63,1,41,2,24,69,0,0,0,0,0,0,0,0,0,0,0,97,41,0,2,87,0,1,0,1,211,9,15,1,2,1,24,0,2,1,13,2,0,4,8,5,0,1,1,1,4,2,2,0,1,4,4,46,77,8,1,0,0,6,1,0,0,1,46,0,0,0,0,0,4,30,3,2,1,9,0,5,222,0,0,0,0,0,0,4,27,8,2,0,0,0,0,0,1,6,1,2,1,7,0,0,0,0,1,46,0,5,0,2,0,0,0,5,0,0,24,27,1,0,20,0,5,0,2,120,6,0,0,0,0,1,18,14,0,0,0,0,0,0,0,3,0,0,8,1,5,0,0,0,0,0,1,0,0,0,0,12,1,0,0,0,1,1,0,0,0,0,9,20,10,0,0,0,0,19,0,9,0,0,155,166,1,12,1,932,178,0,0,1,2,3,1,0,0,1,0,0,8,3,0,0,0,0,0,0,0,0,0,1,0,0,2,0,0,0,1,0,2,0,1,0,0,3,1,1,0,0,1,10,1,1,4,0,0,0,0,0,0,0,1,0,41,0,0,0,15,5,5,0,0,0,1,0,0,1,0,1,0,0,1,0,0,0,0,0,0,2,3,0,0,0,0,0,1,0,0,0,0,0,0,0,2,5,3198,0,0,1,0,0,0,1,0,0,0,0,0,0,0,0,0,0,0,0,0,15,0,1,1,0,0,0,1,0,5,1,0,0,15,0,15,12,0,7,8,49,0,6,0,0,17,32,0,0,1,0,2,3,2,9,26,13,5,5,1,2,339,0,0,0,0,0,0,0,0,20,0,11,3,0,25,10,32,0,0,0,0,0,0,0,2,2,0,1,2,0,38,2,20,10,2,78,10,6,0,42,176,572,21,0,20,0,3,8,443,0,0,108,33,26,2,0,0,2,0,0,0,0,0,0,2,2,1,10,1,14,34,0,0,0,0,4,0,0,0,0,0,10,1,49,21,1,2,2,1,18,13,14,9,27,10,0,414,3,0,66,14,10,0,6,5,0,181,8,173,4,4,12,0,1,0,2,12,26,5,46,2,0,5,0,1,0,0,15,0,0,0,64,16,27,0,39,48,0,0,2,4,7,2,0,151,41,38,57,26,153,0,0,42,0,0,1,0,0,5,1,17,0,23,5,0,0,0,10,10,10,10,14,6,2,20,12,10,28,24,14,12,12,28,6,6,6,6,6,0,0,0,0,0,0,0,0,2,0,0,0,0,0,6,2,0,4,2,14,22,0,0,0,11,574,12,22,0,0,0,0,4,12,78,10,0,0,4,4,14,0,13,28,24,8,3,8,0,5,0,0,3,0,12,1,0,78,2,0,0,0,9,0,0,12,0,0,19,0,0,0,0,0,0,0,0,0,0,1,0,0,0,0,0,1,0,1,0,0,0,0,0,31,9354,4140,18240,0,0,0,0,0,4,0,19,22,11,1,0,1,0,0,0,0,0,0,0,0,0,0,1,0,0,16,44,0,0,1,0,3,0,51,40,0,0,0,1,0,0,92332
2020-12,22,0,1,0,0,0,0,0,0,0,4,23,10,26,0,1,66,22,35,6,0,0,51,0,0,26,0,0,0,0,0,5,0,0,0,0,76,6,0,0,0,0,30,147,0,1,0,0,127,0,0,0,2,0,0,0,83,25,3,390,3,2,6,49,0,38780,5,2,177,8,1,2,3,96,2705,0,144,8,22,495,0,26,21,43,0,0,0,0,0,0,0,0,0,0,3,11,12,5,3,12,8,21,21,2,131,18,6,42,29,0,2,0,0,2,9,8,8,13,0,0,0,0,2,0,8,138,13160,0,38,10,32,8,2,21,7,0,0,6,0,6,4,0,2,2,1,10,5,3,3,34,1452,117,0,78,2,0,0,0,56,50,8,7,0,1,1,0,42,9,8,4,5,3,290,0,28,0,3,116,85,134,255,1,3,3,2,1,180,69,5,150,0,22,6,3,3,233,87,101,59,7,0,19,0,0,0,5,39,4,0,0,0,5,0,0,28,31,15,40,16,5,39,5,57,0,66,89,2,0,0,0,0,0,0,0,0,0,0,30,25,0,1,124,2,2,0,0,92,8,5,1,1,0,34,0,0,0,11,1,0,33,37,21,0,0,0,4,22,2,0,0,2,2,9,64,175,50,2,1,1,7,0,0,0,1,73,3,1,0,0,0,17,36,0,2,0,19,1,1,122,0,0,0,0,0,0,18,41,16,2,0,1,1,0,0,1,3,4,6,0,45,0,0,0,0,0,59,0,1,0,0,0,5,1,7,0,0,18,12,2,0,59,0,0,0,2,165,12,0,2,0,0,0,32,8,2,0,0,0,0,0,0,16,1,0,0,0,9,0,0,0,0,0,0,13,0,0,0,6,0,0,1,0,0,1,0,0,0,0,7,15,4,0,0,0,1,83,0,32,0,0,130,152,1,1,2,1344,198,0,0,0,0,0,0,0,0,4,0,0,14,7,2,0,0,0,0,1,0,0,0,0,0,0,0,0,0,0,0,0,0,0,0,0,0,0,0,0,0,0,4,4,0,0,2,0,0,0,0,0,0,0,0,1,20,0,0,1,25,0,0,0,0,1,1,0,0,0,0,0,0,0,1,0,0,0,5,0,0,0,2,0,0,0,0,0,0,0,1,1,0,0,0,1,0,0,4070,0,0,0,0,0,1,0,0,0,0,0,0,0,0,0,0,0,0,0,1,18,11,1,0,0,2,0,1,1,5,0,0,0,59,0,36,3,3,13,6,181,0,33,0,0,52,23,8,0,1,3,1,5,3,7,46,29,3,0,0,0,282,22,12,4,0,0,0,0,0,7,0,12,15,0,34,44,19,11,0,0,0,0,0,0,0,13,0,0,0,0,36,15,23,20,0,269,0,36,0,63,80,951,116,0,20,4,48,4,623,0,10,119,111,46,17,0,0,0,2,0,0,0,0,0,0,10,2,0,20,29,63,1,0,0,35,0,6,0,0,0,10,0,0,2,2,0,0,0,0,52,50,3,0,69,13,8,527,10,0,196,5,57,0,18,4,0,262,3,174,0,0,25,0,0,0,4,15,58,5,24,10,0,16,0,11,0,13,3,8,12,0,57,33,33,1,65,82,0,0,0,1,4,1,0,449,27,149,83,44,298,0,0,37,0,0,12,0,0,4,0,41,0,47,5,1,0,0,2,6,12,6,14,8,4,16,6,6,12,16,32,6,6,142,8,6,6,6,8,0,0,0,0,0,0,0,0,4,0,0,0,0,0,2,0,4,24,9,26,47,0,0,0,0,326,101,0,0,0,10,0,0,0,34,15,0,1,42,0,33,0,6,26,15,0,0,27,0,4,1,0,13,0,4,0,0,217,10,0,0,0,29,0,0,0,4,0,20,0,0,0,0,0,0,0,0,0,1,1,1,1,0,1,1,1,1,1,1,1,1,1,1,88,7010,16640,32420,0,0,0,0,0,4,1,2,16,10,0,0,0,0,0,0,0,0,0,0,0,0,0,0,0,0,21,47,1,0,5,0,0,0,92,45,0,0,0,0,0,0,134314
2021-01,9,0,0,0,0,0,0,0,0,0,2,4,1,7,0,2,4,4,20,1,0,0,28,0,0,0,0,0,0,0,0,0,0,0,0,0,4,0,0,0,0,0,0,0,0,0,0,0,29,0,0,0,2,0,0,0,5,2,0,84,3,0,1,6,1,2160,0,0,54,10,0,2,1,6,150,0,0,8,0,83,0,3,2,0,0,0,0,0,0,0,0,0,0,0,4,0,0,1,0,4,0,0,5,0,12,2,0,17,0,2,0,0,0,0,4,2,4,6,0,0,0,0,0,0,4,19,680,0,1,0,0,0,0,0,0,0,0,6,0,0,0,0,3,2,0,2,0,2,2,10,318,10,0,2,3,0,0,0,0,0,2,0,0,1,0,0,1,0,0,0,0,0,37,0,0,0,0,4,4,3,33,0,0,0,0,3,19,20,6,22,0,6,5,0,0,23,11,23,5,1,0,4,0,0,0,0,0,0,0,1,0,2,2,0,1,2,1,1,4,0,13,0,4,0,10,6,0,0,0,0,0,0,0,0,0,0,2,32,9,0,2,1,0,0,0,0,34,0,0,0,0,0,0,0,2,0,2,1,0,3,2,1,0,0,0,1,1,1,0,0,0,2,3,5,13,0,1,0,1,1,1,0,0,1,9,0,2,0,0,0,5,2,0,0,0,1,0,0,58,1,0,0,0,0,0,2,4,1,5,0,0,0,0,0,0,2,0,2,0,2,0,0,0,0,0,4,0,3,0,0,0,0,0,0,0,0,8,7,0,0,12,1,0,0,0,19,4,0,0,0,0,0,7,5,0,0,0,0,0,0,0,14,0,0,0,0,20,0,0,0,0,0,0,20,0,0,0,11,0,0,0,0,0,1,0,0,0,0,3,7,4,0,0,0,0,6,0,1,0,0,7,12,0,1,0,142,67,0,0,0,0,0,0,0,0,0,0,0,12,1,0,0,0,0,0,0,0,0,0,0,0,1,0,0,0,0,0,0,0,0,0,0,0,2,0,0,0,0,2,1,0,0,2,0,0,0,1,0,0,0,0,2,1,2,0,1,7,0,0,0,1,2,1,0,0,0,0,0,0,0,0,0,0,0,1,0,5,0,1,0,0,0,0,0,0,0,1,0,0,0,0,0,0,4,1084,0,1,0,1,0,0,0,0,0,0,0,0,0,0,0,0,0,0,0,0,6,1,1,0,0,0,0,1,0,2,3,1,0,5,0,5,0,0,2,0,18,0,3,0,0,11,11,0,0,1,1,4,2,0,2,34,5,0,0,0,0,61,0,2,1,0,0,0,0,0,2,0,1,4,0,4,5,8,0,0,0,0,0,0,0,1,0,0,0,1,0,0,0,0,6,0,57,0,0,0,8,35,124,5,0,2,0,0,4,28,0,0,40,43,2,10,0,0,0,0,0,0,12,12,0,0,0,0,0,10,0,10,0,0,0,0,0,0,0,0,0,0,0,0,15,0,0,0,0,0,8,6,2,1,10,4,2,147,0,0,22,2,3,4,8,6,0,50,2,25,0,0,5,0,0,0,0,2,5,0,0,0,0,1,0,0,0,2,0,3,3,0,11,14,6,1,3,5,0,0,0,1,1,0,0,45,4,42,49,2,47,0,0,7,0,0,0,0,1,1,0,5,1,3,0,0,0,0,0,2,6,12,8,0,2,18,6,4,8,12,4,6,4,26,0,0,0,0,0,0,0,0,0,0,0,0,1,0,0,0,0,0,0,0,2,4,4,1,4,8,0,0,0,0,64,6,0,0,0,0,0,2,0,2,1,0,0,0,0,6,0,5,2,1,0,2,6,0,2,0,0,2,0,0,4,0,33,0,0,0,0,4,0,0,2,0,0,0,0,0,0,0,0,0,0,0,0,0,0,0,0,0,0,0,0,0,0,0,0,0,0,0,3,516,560,4580,0,0,0,0,0,1,0,3,2,0,1,0,0,1,0,0,0,0,0,0,0,0,0,0,0,0,3,29,0,0,3,0,2,0,8,12,0,0,0,2,0,0,13062
2021-02,4,0,0,0,0,0,0,0,0,0,0,1,1,2,0,0,9,0,2,0,0,0,2,0,0,0,0,0,0,0,0,0,0,0,0,0,6,0,0,0,0,0,1,1,0,0,0,0,6,0,0,0,5,1,0,0,29,0,3,13,0,0,0,2,0,1120,0,0,0,7,0,0,0,2,129,0,32,4,0,0,0,0,2,2,0,0,0,0,0,0,0,0,0,0,4,3,1,0,0,2,0,1,7,0,11,3,0,0,6,0,0,0,0,18,0,0,6,7,0,0,0,2,0,0,3,13,440,0,0,0,0,0,0,0,0,0,0,1,0,1,0,0,0,0,0,0,1,1,1,0,78,8,1,0,0,0,0,0,0,0,2,0,0,0,0,0,2,1,1,0,0,0,5,0,0,0,0,1,1,1,54,0,0,0,0,0,5,4,0,2,0,2,0,0,0,3,3,4,1,0,0,2,0,0,0,0,0,0,0,0,0,0,0,0,1,4,0,1,2,0,8,0,3,0,2,2,0,0,0,0,0,0,0,0,0,0,0,4,2,0,0,4,0,0,0,0,0,1,0,0,0,0,0,0,0,0,1,0,0,0,0,0,0,0,0,0,1,0,0,0,0,0,2,3,15,2,0,0,1,0,0,0,0,0,6,0,0,0,0,0,2,7,0,0,1,0,0,0,41,0,0,0,0,0,0,0,4,1,0,0,0,0,0,0,0,0,0,0,0,0,0,0,0,0,0,4,0,0,0,0,0,0,0,0,0,0,1,1,2,0,8,0,0,0,0,5,2,0,0,0,0,0,4,1,0,0,0,0,0,0,0,0,0,0,0,0,0,1,0,0,0,0,0,0,0,0,0,0,0,0,0,0,0,2,0,0,0,0,0,0,1,0,0,0,0,0,0,2,0,0,3,3,0,0,0,46,10,0,0,0,0,0,0,0,0,0,0,0,4,0,0,0,0,0,0,0,0,0,0,0,0,0,0,0,0,0,0,0,1,0,0,0,0,0,0,0,1,0,0,0,0,0,0,0,0,0,0,0,0,0,0,0,0,2,1,0,1,0,0,0,0,0,0,1,1,1,1,1,2,15,0,0,0,1,1,1,1,0,0,0,0,0,0,0,0,0,0,0,0,0,0,0,0,0,324,0,0,0,0,0,0,0,0,0,0,0,0,0,1,0,0,0,0,0,0,2,0,0,0,0,0,0,0,0,1,1,0,0,1,0,2,0,0,0,0,3,0,2,0,0,2,5,4,0,1,0,0,0,0,0,0,5,0,0,0,0,23,0,6,0,0,0,0,0,0,0,0,2,2,0,7,4,24,0,0,0,0,0,0,0,0,0,0,0,0,0,6,1,1,0,0,12,0,3,0,2,5,32,2,0,0,0,0,0,10,3,2,0,4,0,10,0,0,0,0,0,4,0,0,0,0,1,0,0,1,0,0,0,0,0,0,0,0,0,0,0,0,0,0,0,0,0,0,0,0,0,4,0,0,2,4,1,18,0,0,4,0,3,0,0,1,0,10,0,9,0,0,2,0,0,0,4,0,0,0,1,0,0,2,0,0,0,3,4,22,0,2,1,2,2,3,0,0,0,0,0,0,1,0,0,5,0,4,4,1,4,0,0,0,0,0,0,0,0,0,0,0,0,1,0,0,0,0,0,0,2,0,0,0,0,0,2,0,0,0,0,0,6,0,0,0,0,0,0,0,0,0,0,0,0,0,0,0,0,0,0,0,0,0,0,0,0,2,3,4,0,4,0,0,64,0,0,0,0,0,0,0,0,0,1,0,0,5,0,0,15,0,2,0,10,0,3,0,1,0,0,0,0,0,1,15,61,1,0,0,0,0,0,0,0,0,0,0,0,0,0,0,0,0,0,0,0,0,0,0,0,0,0,0,0,0,0,0,0,0,0,0,0,320,280,3060,0,0,0,0,0,0,0,0,0,0,0,0,0,0,0,0,0,0,0,0,0,0,0,0,0,0,1,4,1,0,0,0,0,4,6,1,5,0,0,0,0,0,6881
2021-03,4,0,0,1,0,0,0,0,0,0,0,2,0,4,1,0,5,0,2,1,2,0,2,0,0,0,1,1,0,0,0,0,0,0,0,0,0,0,0,0,0,0,0,0,0,0,1,0,2,0,0,0,0,0,0,0,8,0,0,10,0,0,0,2,0,720,0,0,0,4,0,0,0,6,74,0,0,0,0,8,0,0,0,12,0,0,0,0,0,0,0,0,0,0,2,0,0,0,0,4,0,0,3,0,3,2,0,0,2,0,0,0,0,1,0,0,10,2,0,0,0,0,0,0,1,5,360,0,1,6,0,0,3,5,0,0,0,10,0,0,0,0,0,0,0,2,3,1,1,0,42,6,0,0,1,0,0,0,0,0,0,0,0,0,0,0,2,1,0,0,0,0,8,0,1,0,0,0,0,0,0,0,0,0,0,0,3,7,4,1,0,2,2,0,0,7,9,3,2,0,0,1,0,0,0,2,2,2,0,0,0,2,0,0,0,0,0,0,1,0,3,0,4,0,4,1,0,0,0,0,0,0,0,0,0,0,0,3,2,0,0,5,0,0,0,0,12,0,0,0,0,0,0,0,0,0,0,0,0,0,0,0,0,0,0,0,1,1,0,0,0,0,0,12,3,11,0,0,0,0,0,0,0,0,2,0,0,0,0,0,1,3,0,0,1,0,0,0,10,0,0,0,0,0,0,1,4,0,0,0,0,0,0,0,0,0,0,0,0,5,0,0,4,1,0,1,0,4,0,0,0,0,0,0,0,0,5,3,0,0,0,0,0,0,0,10,1,0,0,0,0,0,7,0,0,0,0,1,0,0,0,0,0,0,0,0,0,0,1,0,0,0,0,0,0,0,0,4,1,0,0,0,0,0,0,0,0,0,2,6,2,0,0,0,0,0,0,2,0,0,10,9,0,0,0,32,13,0,0,0,0,0,0,0,0,0,0,0,0,1,0,0,0,0,0,0,0,0,0,0,0,0,0,0,0,0,0,0,0,0,0,0,0,0,1,1,0,0,0,1,0,0,0,0,0,0,0,0,0,0,1,0,0,0,0,0,0,0,0,0,0,0,0,0,0,0,0,0,0,0,0,0,0,0,0,0,0,0,0,0,0,0,0,0,0,0,0,0,0,1,0,0,0,0,140,0,0,0,0,0,0,0,0,0,0,0,0,0,0,0,0,0,0,0,0,0,0,1,0,0,0,0,0,0,2,0,0,0,2,0,1,0,0,0,0,0,0,2,0,0,0,4,0,0,0,0,0,0,0,0,0,10,0,0,0,0,11,0,0,0,1,1,0,0,0,1,0,0,1,0,0,1,4,0,0,0,0,8,0,0,0,0,0,0,0,0,10,0,0,0,0,0,0,4,0,1,11,14,2,0,0,0,0,0,24,0,0,2,3,2,0,0,0,0,0,0,0,0,0,0,0,0,0,0,0,0,5,0,0,0,0,0,0,0,0,0,0,0,0,0,0,0,1,1,1,3,2,0,0,3,2,1,25,0,0,2,1,0,0,4,0,0,25,1,8,0,0,0,0,0,0,1,0,1,1,1,0,2,1,1,0,1,0,1,0,0,0,3,4,1,0,0,0,0,0,0,0,0,0,0,7,5,2,0,0,2,0,0,1,0,0,0,0,0,0,0,0,0,0,0,0,0,1,0,4,4,0,4,4,2,8,2,4,8,8,4,4,4,30,4,4,4,4,4,0,0,0,0,0,0,0,0,0,0,0,0,0,0,2,0,0,0,1,1,4,0,0,0,0,4,0,0,0,0,0,0,0,0,7,1,0,0,0,0,4,0,4,0,2,0,0,3,0,2,0,0,0,0,0,0,0,6,0,0,0,0,0,0,0,0,0,0,1,0,0,0,0,0,0,0,0,0,0,0,0,0,0,0,0,0,0,0,0,0,0,0,0,0,260,1560,1260,0,0,0,0,0,0,0,0,0,0,1,0,0,0,0,0,0,0,0,0,0,0,0,0,0,0,0,16,0,0,0,0,0,0,1,0,0,0,0,8,0,0,5267
2021-04,10,0,0,0,0,0,0,0,0,0,2,8,0,4,0,0,1,0,24,0,1,0,0,0,0,0,0,0,0,0,0,0,0,0,0,0,12,0,0,0,0,0,0,0,0,0,0,0,0,0,0,0,0,0,0,0,2,0,0,34,2,0,0,0,0,1560,0,0,5,0,0,0,0,1,121,0,4,0,0,1,0,0,17,3,0,0,0,0,0,0,0,0,0,0,22,0,2,0,0,2,0,0,0,0,15,0,0,0,1,0,0,0,0,0,2,0,0,0,0,0,0,0,0,0,0,7,160,0,0,0,1,0,0,2,0,0,0,26,0,0,0,0,0,0,0,1,0,0,5,0,142,17,0,1,1,0,0,0,1,1,1,0,0,0,0,0,0,0,1,0,0,0,0,0,5,0,0,33,15,10,60,0,0,0,5,0,12,9,2,0,0,5,2,0,0,2,1,3,1,0,1,1,0,0,0,0,4,0,0,0,0,3,0,0,5,0,0,5,1,1,4,0,1,0,2,4,0,0,0,0,0,0,0,0,0,0,0,6,1,0,0,12,0,0,0,0,18,0,0,0,0,0,0,0,0,0,2,1,0,0,0,0,0,0,0,0,0,1,1,0,0,2,0,1,3,2,0,0,0,1,0,10,0,2,3,0,0,0,0,0,1,2,0,0,0,0,0,0,6,0,0,0,0,0,0,0,0,2,0,0,0,1,0,0,0,0,0,6,0,0,0,0,0,0,0,0,0,0,2,0,0,0,0,0,1,0,3,2,0,0,11,1,0,0,0,11,4,0,0,0,0,0,3,1,0,0,0,0,0,0,0,0,0,0,0,0,0,0,0,0,0,0,0,1,0,0,0,4,0,0,0,0,0,0,0,0,0,0,4,2,4,0,0,0,0,0,0,0,0,0,5,11,0,0,0,52,4,0,0,0,0,0,0,0,0,0,0,0,0,0,0,0,1,1,0,1,0,0,0,0,0,1,0,0,0,0,0,0,1,0,0,0,0,0,0,0,0,0,0,0,0,0,0,0,0,0,1,0,0,0,0,0,1,0,0,0,4,0,0,0,0,0,0,0,0,0,0,0,0,0,0,0,1,0,1,0,0,0,0,0,0,0,0,0,0,0,0,0,0,0,0,0,0,0,296,0,0,0,0,0,0,0,0,0,0,0,0,0,0,0,0,0,0,0,0,12,0,0,0,0,0,0,0,0,1,0,0,0,1,0,1,0,0,1,0,2,0,1,0,0,6,0,2,0,2,2,0,4,0,0,50,5,0,0,0,0,20,5,0,0,0,0,0,0,0,1,0,6,1,0,0,0,10,0,0,0,0,0,0,0,0,0,0,4,1,0,5,0,1,0,0,5,0,0,0,0,0,89,10,0,0,0,3,0,22,0,0,0,2,0,1,0,0,0,0,0,0,0,0,0,0,0,0,0,0,0,2,0,0,0,0,0,0,0,0,0,0,0,0,6,0,0,0,0,0,0,1,1,0,1,0,0,7,0,0,1,20,7,0,2,0,2,18,0,4,0,0,0,0,0,0,12,10,0,0,0,0,0,0,0,0,0,0,1,0,0,0,3,0,0,0,3,2,0,0,0,0,0,0,0,22,2,2,1,7,8,0,0,4,1,0,0,2,0,1,0,1,0,0,0,0,0,0,0,4,4,4,4,4,0,20,6,4,16,16,4,4,44,32,4,4,4,4,4,0,0,0,0,0,0,0,0,0,0,0,0,0,0,2,0,0,0,1,1,2,0,0,0,0,16,0,0,0,0,0,0,1,0,17,0,0,0,20,0,4,0,4,0,0,0,0,1,0,2,0,0,2,0,0,0,0,38,0,0,0,0,0,0,0,0,0,0,1,0,0,0,0,0,0,0,0,0,0,0,0,0,0,0,0,0,0,0,0,0,0,0,0,0,340,80,4240,0,0,0,0,0,0,0,2,3,3,0,0,0,0,0,0,0,0,0,0,0,0,0,0,0,0,5,1,0,0,1,0,0,0,0,2,20,0,0,1,0,0,8365
2021-05,2,0,0,0,0,0,0,0,0,0,1,4,0,2,0,0,0,0,0,0,0,0,0,0,0,0,0,0,0,0,0,0,0,0,0,0,4,10,0,0,0,0,0,0,0,0,0,0,2,0,0,0,0,0,0,0,0,0,0,13,0,0,0,3,0,1660,0,1,0,5,0,0,2,2,239,0,0,0,0,17,0,0,0,11,0,0,0,0,0,0,0,0,0,0,0,0,0,0,2,0,3,0,0,0,0,2,0,2,0,0,3,0,0,0,3,0,8,4,0,0,0,0,0,0,0,3,240,0,0,0,0,0,1,0,0,0,0,0,0,0,0,0,0,0,0,0,1,1,1,1,74,4,0,1,1,0,0,0,0,0,0,0,0,0,0,0,6,2,1,0,1,1,13,0,0,0,0,17,11,10,10,0,0,0,0,1,2,6,0,1,0,0,0,0,0,16,9,5,3,2,0,1,0,0,0,0,0,0,0,0,0,1,0,0,1,2,2,1,0,1,3,0,5,0,0,6,0,0,0,0,0,0,0,0,0,0,0,6,10,0,0,1,0,0,0,0,15,0,0,0,0,0,1,0,0,0,0,0,0,1,1,0,0,0,0,0,2,0,0,0,0,0,1,1,0,1,0,0,0,0,0,0,0,0,4,0,0,0,0,0,1,2,1,2,0,0,0,0,11,1,0,2,0,0,0,0,2,1,0,0,0,0,0,0,1,1,0,0,0,0,0,1,4,0,0,5,0,0,0,4,0,0,0,0,0,0,2,3,0,0,1,0,0,0,0,4,1,0,0,0,0,0,3,3,0,0,0,0,0,0,0,0,0,0,0,0,0,0,0,0,0,0,0,0,2,0,0,2,0,0,0,0,1,0,0,0,0,0,0,0,0,0,0,0,0,0,0,1,0,0,10,12,1,1,0,70,18,1,0,0,0,0,0,0,0,0,0,0,0,1,0,0,0,0,0,0,0,0,0,0,0,0,0,0,0,0,0,0,0,0,0,0,0,0,0,0,0,0,1,0,0,0,0,0,0,0,0,0,0,0,0,0,0,0,0,0,3,0,0,0,0,0,0,0,0,0,0,0,0,0,0,0,0,0,0,0,0,0,0,0,0,0,0,0,0,0,0,0,0,0,0,0,0,0,332,0,0,0,0,0,0,0,0,0,0,0,0,0,0,0,0,0,0,0,0,1,0,0,0,0,0,0,0,0,3,0,0,0,1,0,1,0,0,1,0,2,0,1,0,0,4,3,0,0,0,0,0,0,0,2,0,5,0,0,0,0,8,0,2,0,0,0,0,0,1,0,0,10,0,0,0,0,0,0,0,0,0,0,0,0,0,0,0,3,0,0,9,2,1,0,0,0,0,2,0,0,11,47,0,0,1,0,2,0,18,0,0,4,10,0,0,0,0,0,0,0,0,0,0,0,10,0,0,0,0,20,0,0,0,0,1,0,0,0,3,0,0,0,0,0,0,0,0,0,0,1,1,0,0,2,0,0,23,1,0,14,1,3,0,0,2,0,12,0,6,0,0,1,0,0,0,2,1,1,0,1,2,0,2,0,1,0,1,2,20,0,0,4,3,2,0,5,3,0,0,0,0,0,0,0,9,10,13,4,1,15,0,0,0,0,0,0,0,1,0,0,2,0,0,1,0,0,0,0,2,2,2,2,2,0,4,0,2,4,4,2,2,2,4,2,2,2,2,2,0,0,0,0,0,0,0,0,0,0,0,0,0,0,0,0,0,0,0,1,0,0,0,0,20,12,2,0,0,0,3,0,0,0,10,0,0,0,0,0,2,0,2,0,5,0,0,2,0,0,0,0,6,0,0,2,0,2,1,0,0,0,0,0,0,0,0,0,0,0,0,0,0,0,0,0,0,0,0,0,0,0,0,0,0,0,0,0,0,0,0,0,0,1,380,5120,6000,0,0,0,0,0,2,0,1,0,0,0,0,0,0,0,0,0,0,0,0,0,0,0,0,0,0,8,15,0,0,0,0,0,0,8,0,0,0,0,0,0,0,15040
2021-06,2,0,0,0,0,0,0,3,0,0,0,0,0,1,0,0,0,0,0,0,1,0,10,0,0,6,1,0,0,0,0,0,0,0,0,3,2,0,0,0,0,0,0,0,0,0,0,0,6,0,0,0,0,0,0,0,0,0,0,0,0,1,0,0,0,780,0,0,0,0,0,0,0,2,34,0,0,0,0,0,0,0,0,2,0,0,0,0,0,0,0,0,0,0,0,0,0,1,0,6,0,0,0,0,4,2,0,0,0,0,0,0,0,0,7,6,0,1,4,0,0,0,0,0,0,1,60,0,0,0,0,0,0,0,0,0,0,0,0,0,0,0,2,3,0,3,2,0,0,0,36,12,0,0,4,0,0,0,5,8,0,1,1,0,0,0,0,0,0,0,2,2,4,0,9,1,0,50,50,50,50,0,1,2,0,0,1,0,2,10,0,0,2,0,0,13,10,2,2,0,0,0,0,0,0,0,0,0,0,0,0,1,0,0,0,0,0,0,2,0,1,0,5,0,2,1,3,0,0,0,0,0,0,0,0,0,0,4,4,0,0,1,0,0,0,0,19,0,0,0,0,0,0,0,2,0,0,0,0,0,0,0,0,0,0,0,1,0,0,0,0,0,0,4,15,3,0,0,0,0,0,1,0,1,2,0,0,0,0,0,0,2,0,0,0,0,0,1,8,0,0,0,0,0,0,0,0,0,0,0,0,0,0,0,0,0,0,0,0,0,0,1,0,0,0,0,0,0,0,2,0,0,0,0,0,0,4,4,0,0,3,0,0,0,0,4,0,0,0,0,0,0,3,3,0,0,0,0,0,0,0,0,0,0,0,0,10,0,0,0,0,0,0,0,0,0,0,2,0,0,0,0,0,0,0,0,0,0,0,2,0,0,0,0,0,5,0,0,0,0,2,8,0,0,0,126,6,0,0,0,0,0,0,0,0,0,0,0,4,1,0,0,0,0,0,1,0,2,0,2,0,0,0,0,0,0,0,0,2,0,0,0,0,0,0,0,0,0,3,0,0,0,0,3,3,0,0,0,0,0,2,0,0,0,0,0,3,0,0,0,3,0,0,3,0,2,0,2,0,0,0,0,0,0,0,0,0,0,0,0,0,0,0,0,0,0,0,0,0,0,0,0,0,0,70,0,0,0,0,0,0,0,0,0,0,0,0,0,0,0,0,0,3,0,0,2,0,0,0,3,3,0,0,3,0,0,0,0,0,3,3,0,0,2,0,8,3,0,0,0,0,1,0,0,0,0,0,0,0,0,0,0,1,0,0,0,35,2,2,0,0,0,1,0,0,0,0,0,0,0,0,0,0,0,0,0,0,0,0,1,2,0,0,0,0,0,0,0,8,0,0,0,1,0,0,29,4,38,0,0,0,0,4,0,18,0,0,2,4,0,0,0,0,0,0,0,0,0,0,0,0,0,0,0,0,0,0,0,0,0,1,0,0,0,0,0,0,0,0,0,0,0,1,1,1,1,1,0,0,1,0,0,51,8,0,10,3,1,0,4,4,2,8,1,5,0,0,0,0,0,0,0,0,1,0,0,0,1,4,2,1,1,0,2,0,0,0,3,4,6,0,0,0,0,0,0,0,0,0,0,1,5,8,18,0,3,0,0,9,0,0,0,0,0,0,0,0,0,0,0,0,0,0,2,8,8,8,8,8,8,4,2,2,4,16,8,8,2,20,8,12,12,12,8,6,3,3,0,3,6,3,3,6,3,6,3,3,3,6,0,12,12,0,1,0,0,0,0,0,59,4,0,0,0,0,0,2,0,0,0,0,0,2,0,2,0,2,2,4,2,0,1,1,0,0,0,10,0,0,0,4,6,0,0,0,0,0,0,0,0,0,0,0,0,0,0,0,0,0,0,0,0,0,5,0,5,0,0,5,5,5,5,0,0,5,5,0,0,260,100,2040,0,0,0,0,0,0,0,0,0,0,10,5,5,5,5,5,5,5,5,5,5,5,5,5,10,0,17,20,4,0,4,0,4,0,6,0,0,0,0,2,0,0,4952
2021-07,2,0,0,2,0,0,0,0,0,0,0,0,0,0,0,0,0,0,4,0,2,0,0,0,0,0,0,0,0,0,0,0,0,0,0,0,2,0,0,0,0,0,0,0,0,0,0,0,2,0,0,0,5,0,0,0,3,0,0,8,0,0,1,3,0,2420,0,0,10,0,1,0,0,26,12,0,4,0,0,17,0,0,0,0,0,0,0,0,0,0,0,0,0,0,0,0,0,0,0,2,0,0,1,0,0,0,0,0,2,0,3,0,0,0,0,0,0,0,0,0,0,0,0,0,0,0,480,0,0,0,8,0,0,6,0,0,0,0,0,0,0,0,0,0,0,0,0,0,0,0,20,2,0,0,0,0,0,0,2,0,1,0,0,0,0,0,0,0,0,0,0,0,0,0,0,0,0,10,10,10,11,0,0,0,1,0,3,3,0,5,0,2,1,1,0,9,3,1,1,0,0,3,0,0,0,0,0,0,0,0,0,0,0,0,0,0,0,2,3,0,1,0,0,0,3,2,0,0,0,0,0,0,0,0,0,0,0,0,2,0,0,0,0,0,0,0,9,0,11,0,0,0,10,0,0,0,1,0,0,0,0,0,0,0,0,0,0,0,0,0,0,0,0,0,3,0,0,0,0,0,0,0,0,0,1,0,0,0,0,0,0,1,0,0,0,0,0,0,3,0,0,0,0,0,0,0,2,0,0,0,0,0,0,0,0,0,0,0,0,0,0,0,8,0,0,0,0,1,0,1,0,0,0,0,0,0,2,2,0,0,1,4,0,0,0,6,0,0,0,0,0,0,0,0,0,0,0,0,0,0,0,0,0,0,0,0,0,0,0,0,0,0,0,0,0,0,0,2,2,0,0,0,0,0,0,0,0,0,0,0,0,0,0,0,0,0,0,0,0,0,12,6,0,0,0,64,0,0,0,0,0,0,0,0,0,0,0,0,0,0,0,0,2,1,1,0,0,0,0,2,0,4,0,0,0,0,0,0,2,0,0,0,0,5,0,2,0,0,0,0,0,0,0,0,0,0,0,0,0,0,0,0,0,0,0,0,1,0,0,0,0,0,0,0,0,0,0,0,0,0,0,0,0,0,0,0,0,0,0,0,0,0,0,0,0,0,1,0,0,0,0,0,0,0,36,0,0,0,0,0,0,0,0,0,0,0,0,0,0,0,0,0,0,0,0,2,0,0,0,0,0,0,0,0,0,0,0,0,1,0,0,0,0,0,10,0,0,1,0,0,0,2,0,0,0,0,0,0,0,0,0,5,0,0,0,1,15,0,0,0,1,1,0,0,0,0,0,1,1,0,0,0,0,0,4,2,8,0,0,0,0,0,0,0,4,0,0,0,5,0,0,0,0,0,0,1,1,4,0,0,2,0,0,0,14,0,0,5,0,0,2,0,0,0,0,0,0,2,0,0,0,0,0,0,2,0,0,0,0,0,0,2,0,0,0,0,0,0,0,10,1,0,3,3,3,0,0,0,0,1,1,0,6,0,0,0,0,1,0,0,0,0,2,0,2,0,0,0,0,0,0,4,0,4,0,0,0,3,0,6,0,3,0,0,0,0,0,0,5,1,0,0,2,1,0,0,0,0,0,0,3,2,0,0,0,9,1,2,0,0,2,3,0,1,0,0,0,0,0,0,0,0,0,0,2,2,0,2,0,0,4,2,2,4,4,2,2,2,0,0,0,0,0,0,2,0,0,0,0,0,0,0,0,0,0,0,0,0,0,0,0,0,0,0,2,0,0,0,0,33,4,0,0,0,0,16,4,0,17,0,0,0,5,2,2,0,2,4,0,0,0,0,0,1,0,0,0,0,0,0,0,5,0,0,0,3,2,0,0,0,0,0,1,5,5,5,5,5,5,5,5,5,1,1,1,0,1,1,1,1,1,1,1,1,1,1,2,0,360,6260,126520,0,0,5,5,5,0,0,0,1,1,0,0,0,0,0,0,0,0,0,0,0,0,1,0,0,0,8,2,0,0,1,0,0,0,5,0,5,2,16,4,0,0,136925
2021-08,12,0,0,0,0,0,0,0,0,0,0,2,0,4,0,0,3,0,10,2,0,0,0,0,0,2,0,0,0,0,0,0,0,0,0,0,14,0,0,0,0,0,3,0,0,0,1,0,18,0,0,2,0,0,0,0,10,0,0,41,0,0,1,13,0,4320,0,0,0,10,0,0,0,6,117,0,36,0,0,86,0,0,0,0,0,0,0,0,0,0,0,2,2,0,0,0,0,6,4,20,6,0,7,0,7,0,0,0,5,0,0,0,0,0,30,30,0,2,10,0,0,0,0,0,0,10,1080,0,7,0,0,0,0,0,0,0,0,0,1,1,0,0,0,0,0,0,13,0,0,0,470,40,0,6,0,0,0,0,0,0,0,0,4,0,1,1,4,0,0,0,0,0,42,2,26,0,0,18,16,24,6,0,0,0,0,0,16,2,0,31,0,0,0,0,0,13,14,11,25,1,0,1,0,0,0,0,2,0,0,0,0,3,0,0,7,0,3,3,4,1,18,0,19,0,11,8,0,0,1,0,0,0,0,0,0,0,0,25,8,0,0,15,0,0,0,1,35,0,2,1,1,0,5,0,0,0,0,0,1,0,0,0,0,0,0,0,0,1,0,0,0,0,3,12,8,2,0,0,0,0,0,0,0,4,6,0,0,1,0,0,0,12,1,0,0,0,0,2,45,1,0,0,0,0,0,5,8,0,0,0,0,0,0,0,1,1,2,0,0,9,0,1,0,0,0,1,0,0,0,0,0,0,0,0,1,0,0,0,0,0,3,0,0,0,0,14,0,0,0,0,0,0,2,3,0,0,0,0,0,0,0,3,0,0,0,0,0,0,0,0,0,0,0,1,0,0,0,2,0,0,0,0,1,1,0,1,0,0,0,0,0,0,0,0,0,1,0,2,0,2,14,10,0,0,0,256,62,0,0,0,0,0,0,0,0,0,0,0,10,0,0,0,0,0,0,0,0,0,0,0,0,0,0,0,0,0,0,0,0,0,0,0,0,0,0,0,0,0,0,5,2,0,0,0,0,0,0,0,0,0,0,0,1,0,0,0,2,0,0,0,0,0,0,0,0,0,0,0,0,0,0,0,0,0,0,0,0,0,0,0,0,0,0,0,0,0,0,0,0,0,0,0,0,1,652,0,0,0,0,0,0,0,0,0,0,0,0,0,0,0,0,0,0,0,0,0,0,0,0,0,0,0,0,0,1,0,0,0,10,0,5,0,0,1,0,5,0,10,0,0,2,14,8,0,0,0,0,0,1,2,4,11,0,0,1,0,35,1,2,1,0,0,0,0,0,0,0,0,12,0,4,3,2,0,0,0,0,0,2,0,0,0,5,0,0,0,16,5,0,0,0,0,0,0,0,21,24,123,4,0,0,0,21,0,2,0,0,0,1,0,0,0,0,0,0,0,0,0,0,0,0,0,0,0,1,3,0,0,0,0,1,0,0,0,0,0,0,0,0,10,0,2,0,0,0,2,11,0,0,4,0,1,84,3,0,10,0,0,4,8,1,0,13,0,18,0,0,4,0,0,0,12,0,33,0,0,0,0,0,0,0,0,1,4,2,1,0,12,7,12,0,0,5,0,2,0,0,0,0,0,22,0,4,9,0,7,0,0,52,0,1,0,0,0,0,0,0,0,2,0,0,0,0,0,2,2,2,4,2,0,4,2,2,4,4,2,2,4,6,4,4,4,4,4,0,0,0,0,0,0,0,0,0,0,0,0,0,0,0,0,0,0,0,3,6,0,0,0,0,33,22,0,0,0,0,0,2,0,0,0,0,0,2,0,2,0,2,2,2,0,0,3,1,0,0,0,3,0,0,0,0,40,0,0,0,1,0,0,0,0,0,0,0,0,0,0,0,0,0,0,0,0,0,0,0,0,0,0,0,0,0,0,0,0,0,0,0,1,900,9320,108952,0,0,0,0,0,0,0,0,0,0,0,0,1,1,0,0,0,0,0,0,0,0,0,0,0,0,10,1,0,3,0,0,0,0,0,4,0,0,0,2,0,0,128190
2021-09,29,0,2,1,1,0,0,0,0,2,0,5,0,2,0,2,7,10,0,2,1,0,6,0,3,2,0,1,0,0,0,0,0,3,0,0,0,0,0,0,0,0,1,0,0,0,1,0,3,0,0,2,10,0,0,0,24,0,0,63,0,0,0,3,0,24840,2,0,63,0,0,0,0,22,720,0,0,30,6,113,0,0,2,2,0,0,0,0,0,0,0,0,0,0,2,0,2,1,2,0,1,3,6,6,2,1,0,2,1,0,1,0,0,0,3,0,0,1,0,0,0,0,0,0,0,49,8240,2,10,8,18,1,0,2,2,0,8,0,0,0,0,0,0,0,0,10,0,0,0,0,1090,20,0,30,1,0,0,0,0,3,0,0,0,0,0,0,4,0,0,2,0,0,97,2,4,0,0,122,56,64,151,0,1,0,1,0,15,9,0,24,0,4,0,0,0,118,32,24,26,3,0,0,0,0,0,0,0,0,0,0,0,0,0,1,4,3,0,4,5,0,26,0,12,0,12,21,0,0,0,0,0,0,1,0,0,0,0,41,21,0,0,5,0,0,0,1,89,0,4,0,1,0,1,0,10,0,1,0,0,0,0,0,0,0,0,1,1,0,0,0,0,0,2,8,11,2,1,0,0,0,1,1,0,0,26,1,0,0,1,0,0,7,0,0,0,0,0,0,137,0,0,0,0,0,0,0,4,2,0,0,0,0,0,0,3,0,0,0,0,8,0,2,0,0,0,8,0,0,0,3,2,0,0,0,3,0,1,1,0,0,5,0,1,0,0,6,2,0,0,0,0,0,7,11,0,1,0,0,1,0,1,13,0,0,2,1,5,0,0,0,0,1,0,0,0,0,0,7,1,1,0,0,1,2,0,0,0,0,0,2,0,0,0,0,0,12,0,3,0,0,64,77,0,0,0,1110,63,0,0,0,0,0,0,0,0,0,0,0,10,1,0,0,0,0,0,2,0,0,1,0,0,0,0,1,0,4,0,1,0,0,1,1,1,2,0,0,1,0,0,2,0,0,0,0,0,0,0,0,0,0,0,0,4,0,0,0,5,0,0,0,1,1,1,0,0,2,0,2,0,0,2,0,0,0,0,1,1,1,14,10,2,2,0,0,0,0,0,0,0,0,0,0,0,0,1690,0,0,0,0,0,0,0,0,0,0,0,0,0,0,0,2,0,0,0,0,6,0,1,0,0,0,0,0,0,0,0,0,0,6,0,1,4,0,1,0,52,1,3,0,0,8,4,0,0,0,1,0,0,1,0,27,20,0,0,0,0,329,6,4,0,0,0,0,0,0,5,0,42,14,0,13,3,7,0,0,9,1,0,2,0,0,0,0,0,0,0,12,0,0,0,0,70,0,0,0,0,17,131,40,0,10,0,20,0,76,0,0,10,13,4,0,0,0,0,0,0,0,0,10,0,0,0,0,0,2,0,32,0,0,0,0,1,0,0,0,0,0,0,0,20,10,2,1,1,1,10,5,11,12,16,4,0,177,0,2,16,8,3,0,4,5,0,93,6,57,4,4,5,4,3,0,18,2,0,0,5,12,0,1,0,0,0,14,5,10,6,2,7,8,4,7,21,47,0,0,0,0,1,0,0,205,10,17,10,10,119,0,0,11,0,0,0,0,2,0,0,7,0,9,2,0,0,0,0,8,8,6,10,2,4,20,10,6,22,22,8,8,6,30,4,4,4,4,2,0,0,0,0,0,0,0,0,4,0,0,0,0,0,2,0,0,0,5,8,11,0,0,0,0,173,20,0,0,0,0,19,2,0,18,5,0,0,10,1,27,0,8,0,10,0,0,4,2,0,3,0,0,1,2,0,0,8,0,0,1,0,0,0,0,0,0,0,2,1,0,0,0,0,0,0,0,0,0,0,0,0,0,0,0,0,0,0,0,0,0,0,0,15,5700,23400,97880,0,0,0,0,0,0,0,1,0,0,1,0,1,1,0,0,0,0,0,0,0,0,0,0,0,0,4,21,1,0,4,3,0,1,0,0,10,1,0,2,0,0,169598
2021-10,34,0,0,0,0,0,0,0,10,2,0,11,0,9,0,0,14,14,2,0,0,0,2,0,0,2,0,0,0,0,4,0,0,0,0,0,0,0,0,0,0,0,0,12,0,0,0,0,36,0,0,0,3,0,0,0,50,2,0,284,1,6,1,14,0,17100,1,2,251,1,1,0,0,11,681,0,0,24,0,205,0,0,0,36,0,0,0,0,0,2,0,1,0,0,12,0,0,3,1,50,1,1,4,0,20,2,0,9,0,0,2,0,0,0,10,3,20,2,0,0,0,0,0,0,0,63,5500,0,6,0,26,1,1,1,2,0,0,2,0,10,0,0,0,3,0,1,3,4,4,0,644,8,0,10,3,0,0,0,5,0,5,1,1,3,3,3,9,0,1,0,4,2,84,0,9,0,0,135,149,126,87,0,5,0,0,5,21,10,0,43,0,5,6,1,0,138,47,43,12,5,0,6,0,1,0,0,0,0,0,3,0,1,0,0,12,9,5,17,101,1,163,0,141,2,119,25,0,0,1,0,0,0,0,1,0,0,0,153,132,0,0,82,1,1,0,0,251,9,5,0,1,1,12,0,0,1,2,4,1,0,0,6,0,0,0,0,8,2,0,0,0,3,6,50,90,6,0,0,0,13,3,0,0,0,4,0,0,0,0,0,1,20,0,0,0,6,0,10,252,0,0,0,0,0,0,7,16,1,0,0,0,2,1,1,0,0,1,0,0,5,0,0,0,0,0,7,0,4,0,0,0,0,0,0,0,0,3,1,0,0,15,0,0,0,0,73,3,0,0,0,0,0,19,15,0,0,0,0,0,0,0,2,0,0,0,0,0,0,0,0,0,0,0,1,0,0,0,28,0,0,0,0,1,3,0,0,0,0,6,14,5,0,0,0,1,40,0,7,0,0,72,104,0,0,1,1078,140,0,1,0,0,0,0,0,0,0,0,0,10,6,0,0,0,0,0,0,0,0,0,2,0,0,0,0,0,0,0,0,0,0,0,0,0,0,0,0,0,0,0,8,0,0,0,0,0,0,0,0,0,0,0,0,2,0,0,0,25,4,4,2,1,0,0,0,0,0,0,0,0,0,0,0,0,0,0,0,0,0,0,0,0,0,0,2,0,0,0,0,0,0,0,0,0,0,4710,0,0,0,0,0,0,0,0,0,0,4,0,0,0,0,0,0,0,0,0,10,0,0,0,0,0,0,0,0,6,1,0,0,15,0,4,0,0,1,2,21,0,2,0,0,43,0,4,0,1,0,1,2,0,10,23,29,0,0,0,0,135,1,8,4,0,0,0,0,0,1,0,1,4,0,38,46,10,0,0,0,0,0,0,0,0,0,0,1,0,11,19,21,1,0,0,220,0,0,0,49,83,160,5,0,32,12,10,0,102,0,0,116,122,0,2,0,0,0,0,0,0,1,0,0,0,0,0,0,0,0,15,0,0,0,2,0,0,0,0,0,0,0,0,7,4,0,0,0,0,30,23,0,5,27,0,20,470,0,0,63,0,1,4,46,4,0,168,0,125,2,2,15,0,0,0,19,2,8,3,18,0,0,0,0,0,0,5,2,3,4,0,28,22,22,2,4,18,0,0,0,3,1,0,0,106,2,130,143,2,83,0,0,28,0,0,0,0,0,0,0,7,0,13,0,0,0,0,0,24,40,58,42,24,0,118,22,16,78,120,50,42,82,140,34,34,34,14,32,0,0,0,0,0,0,0,0,0,0,0,0,0,0,2,4,0,0,1,15,20,0,0,0,0,366,10,0,0,0,0,0,0,0,15,0,0,11,19,0,28,0,46,40,30,0,0,45,0,6,0,0,30,0,0,1,2,20,2,0,0,0,0,0,0,0,1,4,2,0,0,0,0,0,0,0,0,0,1,2,0,2,2,2,2,2,3,3,2,2,3,3,5,5,5380,5840,3780,0,0,0,0,0,3,0,7,3,2,1,0,0,0,0,0,0,0,0,0,0,0,0,0,0,0,20,6,0,13,4,0,0,0,17,1,0,0,0,0,0,0,54372
2021-11,63,0,0,0,0,0,0,0,0,2,8,42,9,31,0,0,233,10,32,21,0,0,40,0,0,20,0,0,0,0,0,0,2,0,5,5,0,10,0,0,0,0,0,282,0,2,0,0,132,0,0,12,8,0,0,0,80,25,30,708,1,3,8,54,12,40480,2,1,595,99,0,20,1,12,5283,0,120,32,28,679,0,0,35,49,0,0,0,0,0,0,0,0,0,0,14,0,4,5,6,78,4,5,19,7,103,15,3,143,13,30,65,0,2,13,78,24,30,14,0,0,0,0,0,2,10,149,19500,0,24,28,38,2,2,18,23,0,0,18,12,22,1,1,4,16,0,5,7,11,8,6,1306,103,4,19,2,0,0,0,5,17,1,0,1,0,5,10,40,16,10,0,2,3,345,2,66,26,0,548,495,623,702,0,14,8,2,0,94,59,11,161,0,37,9,8,0,192,206,114,65,12,4,38,0,0,1,10,16,12,0,0,0,1,2,0,74,29,9,46,54,5,174,2,133,1,62,114,2,4,1,2,1,4,1,3,0,3,0,129,54,2,2,106,0,0,0,1,353,16,22,4,4,1,70,0,0,1,2,3,2,3,7,17,0,1,0,5,13,0,0,0,0,6,14,39,131,29,1,1,4,5,0,22,1,1,42,0,0,0,0,0,24,56,7,5,4,5,0,0,433,1,0,0,0,1,1,0,34,8,3,0,2,3,0,0,0,3,2,2,1,50,0,1,0,0,0,43,2,8,0,1,0,3,0,0,0,10,12,16,2,2,63,0,5,0,1,319,13,0,0,0,1,1,47,23,2,0,0,0,0,0,0,66,0,1,0,0,26,0,0,0,0,0,0,0,0,0,0,33,0,0,5,0,1,5,1,0,0,0,20,44,18,0,2,1,0,28,1,17,0,0,181,225,1,1,2,1712,448,0,1,0,0,0,0,0,1,1,10,2,50,12,3,0,0,0,0,0,0,0,0,1,0,0,0,0,0,0,0,0,1,0,0,0,0,0,0,0,0,1,3,41,0,0,1,0,0,9,7,9,2,0,1,0,34,0,0,0,69,0,0,0,1,7,7,0,0,0,0,0,0,0,0,0,0,0,0,0,1,0,0,0,0,0,0,0,1,0,1,1,0,1,1,0,2,11,7548,0,0,0,1,0,1,0,0,0,1,2,0,0,3,0,3,0,0,0,6,37,0,6,0,0,0,0,2,0,19,8,1,0,51,0,36,13,0,38,35,54,3,17,0,2,84,26,4,1,5,5,14,2,0,20,58,73,2,2,0,0,431,11,17,1,0,0,0,0,0,13,0,49,57,0,43,44,106,12,0,0,0,0,0,0,0,3,10,0,0,0,113,13,41,10,10,789,28,16,0,85,157,942,90,0,52,0,71,5,617,0,2,186,174,106,11,0,0,0,0,0,0,6,21,0,2,7,6,10,37,0,31,0,10,0,20,10,10,0,0,4,4,0,1,93,4,2,0,0,0,31,47,2,4,107,55,1,1019,0,0,190,34,14,6,77,14,0,274,1,230,11,11,21,0,12,5,22,11,18,21,8,14,0,20,0,1,0,21,12,6,15,0,52,50,35,2,44,66,0,0,0,1,2,0,1,404,63,115,35,42,352,0,0,42,0,0,4,0,0,2,2,11,1,13,8,0,1,0,12,16,44,40,62,24,0,68,24,32,70,78,62,60,22,204,32,10,30,10,30,0,0,0,4,0,2,0,0,10,0,0,0,0,0,14,14,12,28,16,24,67,0,2,0,1,1179,126,0,4,0,4,0,0,10,123,58,0,5,62,10,63,0,30,59,37,0,2,75,1,0,0,1,41,0,2,5,0,173,27,0,0,0,30,0,0,0,4,10,11,0,0,0,0,0,0,0,0,0,1,0,0,0,0,0,0,0,0,0,0,0,0,0,0,92,10490,7500,59640,0,0,0,0,0,1,1,32,12,4,0,0,0,0,0,0,0,0,0,0,0,0,0,0,0,4,44,375,3,0,31,0,0,0,146,21,36,10,0,0,0,0,179703
2021-12,24,2,2,0,0,2,0,0,0,0,6,34,9,39,0,3,86,0,31,11,0,0,75,0,0,18,0,0,0,0,0,4,1,1,0,0,0,18,0,0,0,0,0,97,0,0,0,0,54,0,0,2,21,1,1,0,49,0,6,335,3,0,2,36,2,27580,5,1,178,35,0,2,5,82,2412,0,76,0,0,311,0,0,0,2,0,1,2,2,2,0,0,2,0,0,0,8,5,4,6,5,12,4,20,5,98,16,5,49,20,24,6,0,0,0,10,14,3,8,4,0,0,0,0,1,8,127,10320,0,23,38,17,8,7,46,2,0,0,12,1,13,0,0,0,0,0,11,9,4,4,17,1202,163,4,3,2,0,0,0,0,3,18,0,0,2,1,0,16,9,12,6,31,7,301,0,60,29,1,113,165,246,470,2,1,5,6,6,76,69,12,59,0,38,5,2,1,180,122,96,46,7,1,41,0,0,0,6,7,7,0,0,0,0,0,1,51,14,14,28,14,1,46,0,11,5,37,92,1,0,5,1,2,0,0,1,0,0,0,59,37,0,3,24,1,1,1,1,318,7,11,1,2,1,8,0,0,1,7,4,1,6,2,9,1,0,0,1,22,0,0,0,2,12,17,44,125,22,0,0,1,4,0,0,0,2,47,11,1,1,1,0,27,30,1,2,2,11,0,0,172,0,0,0,0,0,0,1,42,47,1,0,0,0,0,0,1,3,2,3,2,31,0,1,0,0,0,36,0,17,1,0,0,0,0,4,0,0,29,24,0,0,56,0,0,13,2,163,10,0,0,0,0,1,39,19,0,0,0,1,0,0,1,44,0,0,0,0,44,0,1,0,0,0,0,3,0,0,0,8,1,0,2,0,3,3,0,0,0,0,4,16,6,1,0,0,1,1,0,24,0,0,67,152,0,5,0,954,241,0,0,0,0,0,0,1,0,1,0,0,9,6,2,0,0,0,0,0,0,0,0,1,0,0,0,0,0,0,0,0,0,0,1,0,0,2,0,1,1,0,3,35,0,0,0,0,0,0,0,2,0,0,0,0,31,6,0,0,61,3,3,1,0,1,2,0,0,1,0,0,0,3,0,2,1,1,16,14,3,2,6,0,0,0,0,0,0,0,0,0,0,0,0,0,0,8,6020,0,0,0,0,0,0,0,0,0,0,0,0,0,1,1,2,1,0,1,4,39,1,7,4,2,2,0,4,0,13,0,0,0,53,0,40,17,0,16,0,46,6,29,1,1,72,21,3,0,6,2,38,4,0,30,89,44,2,2,0,1,236,22,22,12,1,1,0,3,0,20,0,74,51,2,31,14,60,12,0,0,0,0,0,0,0,1,5,1,0,0,41,19,3,2,0,462,2,9,2,17,182,920,150,0,9,0,66,6,424,16,31,148,164,51,79,0,0,2,0,0,10,20,9,0,0,5,2,0,24,10,49,0,0,0,57,4,4,0,0,0,0,1,0,20,3,0,1,1,1,57,51,6,3,43,11,10,638,44,0,138,15,76,0,11,0,0,319,2,266,1,1,25,3,0,0,13,7,31,1,17,0,1,5,2,1,1,28,18,7,8,6,47,24,40,4,39,97,0,0,1,3,4,2,1,357,39,75,76,23,330,0,0,29,0,0,1,0,0,7,0,36,1,20,9,0,0,1,0,12,16,26,12,4,2,36,12,22,24,24,8,10,18,132,4,4,2,4,6,0,0,0,0,0,0,0,0,6,0,0,0,0,0,8,18,4,54,12,38,57,0,0,4,1,700,151,0,0,0,0,0,0,3,34,21,0,4,54,0,30,0,38,50,107,0,0,26,1,4,3,0,45,0,14,8,8,247,0,0,0,2,25,0,0,0,3,0,5,0,0,0,0,0,0,0,0,0,0,0,0,0,0,0,0,0,0,0,0,0,0,0,0,30,4960,8720,99614,0,0,0,0,0,3,0,22,24,14,0,0,0,0,0,0,0,0,0,0,0,0,0,0,0,0,12,93,10,5,5,0,0,0,46,33,7,0,0,0,0,0,179187
2022-01,15,0,0,1,0,0,0,0,2,2,1,15,1,13,0,5,37,8,10,2,0,0,6,0,1,0,0,0,0,0,0,0,0,1,0,0,0,0,0,0,0,0,0,13,0,0,1,0,34,0,0,0,3,1,0,0,6,1,10,75,7,0,0,8,0,3540,2,0,86,4,0,2,0,9,171,0,2,0,0,137,0,0,0,0,0,0,0,0,0,0,0,1,0,2,0,0,4,0,1,18,0,1,0,1,8,8,4,14,9,1,0,0,0,0,4,0,10,6,8,0,0,0,0,0,6,25,820,0,7,24,2,4,3,17,0,1,16,28,0,0,0,0,5,2,0,1,3,2,7,10,138,13,0,1,1,0,0,0,5,6,1,0,7,0,0,0,6,1,0,1,0,0,54,0,7,0,0,0,0,0,50,0,0,1,1,2,21,16,7,8,0,11,2,0,0,51,19,9,10,8,0,0,0,0,0,0,0,0,0,0,0,0,0,0,10,0,7,13,1,1,27,0,33,0,22,2,0,2,0,0,0,0,0,0,0,0,0,29,26,0,1,11,0,0,0,1,41,1,0,0,2,1,0,0,0,0,0,5,0,9,3,6,1,0,0,1,1,0,3,0,0,3,2,6,7,4,2,0,4,5,1,10,2,3,10,0,0,0,2,0,4,8,2,2,6,0,0,0,76,1,0,0,0,0,0,0,16,0,0,0,0,0,0,0,0,3,0,0,0,27,0,0,0,1,0,0,0,4,0,0,0,0,0,1,1,0,6,7,0,0,6,1,0,0,0,41,4,0,0,0,0,0,12,6,0,0,0,0,0,0,0,2,0,0,8,0,3,1,0,0,0,0,0,0,0,0,0,6,0,0,0,0,1,0,0,0,0,2,4,11,5,0,0,0,0,2,0,6,1,0,12,28,0,0,1,234,57,0,0,0,0,0,0,0,0,0,0,0,20,0,0,0,0,0,0,0,0,0,0,3,0,1,0,3,0,3,0,0,2,0,0,0,0,0,0,0,0,0,0,6,1,0,0,0,0,0,0,0,2,0,1,1,2,2,0,0,13,2,2,0,0,0,0,0,0,0,0,0,0,0,3,1,0,0,7,2,0,0,0,0,0,0,0,0,0,0,0,0,0,0,0,0,0,4,964,0,0,0,0,0,0,0,0,0,0,1,0,0,1,0,0,0,0,0,1,1,0,2,0,0,0,0,2,0,4,3,0,0,7,0,6,0,1,2,0,10,1,1,0,0,12,20,0,0,1,0,5,2,1,4,27,12,0,0,1,1,58,10,6,0,0,0,0,0,0,9,0,16,25,0,22,7,8,0,0,0,3,0,1,0,0,0,0,0,1,0,0,10,8,0,0,142,6,4,0,9,36,140,30,0,0,0,10,0,76,0,0,34,32,0,1,0,2,0,0,0,0,1,0,0,0,0,1,0,0,0,2,0,0,0,3,0,0,0,0,0,0,0,0,6,0,0,0,2,0,9,7,4,0,8,0,0,173,0,1,68,0,1,0,6,0,1,31,0,47,1,1,1,0,0,0,4,2,5,2,0,0,0,0,0,0,0,6,1,4,6,1,10,6,36,1,4,11,0,0,0,0,0,0,0,25,7,18,10,1,40,0,0,18,0,0,0,1,0,0,0,6,0,3,0,0,0,0,2,2,10,14,30,2,0,16,10,8,20,18,10,10,14,30,2,2,2,2,2,2,0,0,0,0,0,0,0,0,0,0,0,0,0,4,8,0,4,1,3,9,0,0,0,0,135,17,0,0,0,0,0,0,0,26,0,0,2,3,0,11,0,9,20,1,0,0,12,0,9,0,0,0,0,2,0,12,53,0,0,0,0,2,0,0,0,0,0,0,0,0,0,0,0,0,0,0,0,0,0,0,0,0,0,0,0,6,2,0,0,3,2,3,2,740,1380,10420,0,0,0,0,0,0,1,3,0,0,0,0,0,0,0,0,0,0,0,0,0,0,0,0,0,0,46,61,2,0,2,0,0,0,20,2,1,0,3,0,0,0,22444
2022-02,7,0,0,1,1,0,0,0,0,0,2,4,1,4,0,0,24,0,0,2,2,0,9,0,0,0,0,0,1,0,0,0,0,2,0,0,0,0,0,0,0,0,0,58,0,0,0,0,2,0,0,0,0,0,0,0,4,0,3,7,0,1,0,2,0,1080,0,0,25,0,0,0,2,1,125,0,14,0,0,45,0,0,0,0,0,0,0,0,0,0,0,0,0,0,7,0,0,0,0,2,0,0,1,0,8,0,0,4,0,0,8,0,4,0,4,0,0,6,0,0,0,0,0,0,0,4,540,0,2,0,0,0,0,2,0,0,0,0,0,0,0,0,0,0,0,0,0,0,0,0,64,6,1,0,2,0,0,0,0,0,0,0,0,0,0,0,2,1,0,0,20,20,16,0,8,0,0,2,1,1,27,0,0,0,1,0,4,5,2,1,0,3,2,4,0,9,2,2,3,0,0,1,0,0,1,0,0,0,0,0,1,2,2,0,0,2,0,0,1,0,0,0,3,1,0,0,1,2,2,1,1,2,1,1,1,1,1,4,4,1,1,1,0,0,0,0,11,0,0,0,0,0,0,0,0,0,0,0,0,0,0,1,0,0,0,0,0,0,0,0,0,1,1,8,9,1,0,0,0,0,0,0,0,0,1,0,0,0,0,0,2,4,0,0,1,0,0,1,26,0,0,0,0,0,1,0,2,0,0,0,0,0,0,0,0,0,0,0,0,0,0,0,0,0,0,0,0,5,0,2,0,0,0,1,0,0,3,4,0,0,2,3,0,1,0,2,3,0,0,0,0,1,3,2,0,0,0,1,0,0,0,0,0,0,0,0,0,0,1,0,0,0,1,0,0,0,0,8,1,0,0,0,0,0,0,0,1,0,0,2,2,0,0,0,0,0,0,1,0,0,1,1,0,1,0,48,4,0,0,0,0,0,0,0,0,0,0,0,0,0,0,0,0,0,0,1,0,0,0,1,0,3,1,0,0,0,0,0,1,0,1,1,1,0,1,0,0,0,0,0,0,0,0,0,0,0,0,0,0,0,0,0,4,0,0,0,8,2,2,1,0,0,0,0,0,0,0,0,0,0,0,0,0,0,0,0,0,0,0,0,0,0,0,0,0,0,0,0,0,0,0,0,0,0,398,0,0,0,0,0,0,0,0,0,0,0,0,0,0,0,0,0,0,0,0,0,0,0,0,0,0,0,0,0,2,0,0,0,0,0,1,0,0,2,0,2,0,0,0,0,0,6,0,0,0,0,0,0,0,0,0,3,0,0,0,3,18,0,0,0,0,0,0,0,0,1,0,2,7,0,2,2,0,0,0,0,0,0,0,0,0,0,0,0,3,0,6,0,0,0,0,5,0,0,0,6,4,7,2,0,5,0,0,0,2,0,2,2,0,0,0,0,0,0,0,0,0,0,1,0,0,0,0,0,0,0,0,0,0,0,0,0,0,0,0,0,10,0,1,0,1,0,1,1,1,3,2,0,0,1,0,0,7,0,0,0,2,1,6,2,0,0,25,0,8,2,2,1,0,0,0,6,0,0,0,0,0,1,2,2,1,1,2,3,1,1,0,8,3,1,0,2,1,0,0,0,0,0,0,0,5,2,2,0,0,5,0,0,4,0,0,1,0,1,0,0,0,0,2,0,0,0,0,0,6,6,6,6,4,8,8,6,6,12,8,6,6,6,10,4,6,4,6,4,0,0,0,0,0,0,0,0,0,0,0,0,0,0,0,0,0,0,0,1,3,0,0,4,1,38,0,0,0,0,2,0,2,0,0,0,0,0,0,0,7,0,6,0,0,0,0,2,0,2,0,0,30,0,0,2,0,2,0,0,0,0,1,0,0,0,0,0,0,0,0,0,0,0,0,0,0,0,0,0,0,0,0,0,0,0,0,0,0,0,0,0,0,1,140,340,6100,0,0,0,0,0,0,0,3,0,0,0,0,0,0,0,0,0,0,0,0,0,0,0,0,0,4,6,17,0,0,0,0,0,0,78,0,0,0,0,3,0,0,10023
2022-03,9,0,0,0,0,0,0,0,0,0,0,3,0,3,0,5,20,0,0,1,0,0,0,0,0,0,0,0,0,0,0,0,0,0,0,0,0,0,0,0,0,0,0,22,0,0,0,0,0,0,0,0,0,0,0,0,8,0,3,28,0,0,0,2,0,1400,0,0,32,0,0,0,1,2,10,0,24,0,0,37,0,0,0,1,0,0,0,0,0,0,0,0,0,0,0,0,0,0,0,0,1,0,0,0,0,2,0,0,0,0,8,0,0,0,0,0,0,2,0,0,0,0,0,0,0,5,280,0,0,0,2,0,0,5,0,0,0,20,0,0,1,0,0,0,1,0,0,3,0,0,84,2,0,0,0,0,0,0,0,0,0,0,0,0,0,0,2,0,1,0,0,0,8,0,21,4,0,23,23,15,15,0,0,0,0,0,3,5,4,1,0,4,4,2,0,1,21,0,1,4,1,0,0,0,1,0,0,0,0,0,1,1,2,0,7,0,0,1,3,0,7,0,7,0,9,2,0,0,0,0,0,0,0,0,0,0,0,6,3,1,0,11,0,0,0,0,21,0,0,0,0,0,1,0,0,0,0,1,0,1,1,0,0,0,0,0,0,0,0,0,0,1,0,5,6,2,0,0,0,0,0,0,2,0,1,0,0,0,0,0,0,1,0,0,0,0,0,0,20,1,0,0,0,0,0,0,1,0,1,0,0,0,0,0,0,0,0,0,0,9,0,0,8,0,0,0,0,4,0,0,0,0,0,0,0,1,4,3,0,0,0,0,5,0,1,8,0,0,0,0,0,0,2,3,0,0,0,0,0,0,0,4,0,0,0,0,0,0,1,0,0,0,0,0,0,0,0,3,0,0,0,0,0,1,0,0,0,0,0,2,0,0,0,0,0,2,0,0,0,0,1,6,0,0,0,190,39,0,0,0,0,0,0,0,0,0,0,0,4,0,0,0,0,0,0,1,0,0,0,2,0,0,1,0,0,0,0,0,0,0,0,0,0,4,0,0,0,0,1,0,0,0,0,0,0,1,1,1,0,0,0,0,0,0,0,0,7,0,0,0,0,0,0,0,0,0,0,0,0,0,0,0,0,0,0,0,0,0,0,0,0,0,0,0,0,0,0,0,0,0,0,0,0,0,726,0,0,0,0,0,0,0,0,0,0,0,0,0,0,0,0,0,0,0,0,2,0,1,0,0,0,0,0,0,1,0,0,0,0,0,0,0,0,2,1,7,1,2,0,0,2,4,0,1,0,0,0,0,1,0,20,0,1,0,0,0,34,9,2,0,0,0,0,0,0,0,0,3,1,0,0,0,6,0,0,0,0,0,0,0,2,0,0,0,0,0,2,0,1,0,0,32,1,0,0,0,2,28,0,0,0,0,0,0,12,0,0,16,0,2,0,0,1,0,0,0,0,0,0,0,0,0,0,0,0,0,0,0,0,0,0,0,0,0,0,0,4,0,1,0,1,0,1,0,1,2,2,1,2,2,0,0,53,8,1,14,0,0,4,0,0,0,16,0,2,0,0,0,0,0,0,0,0,1,0,0,0,1,0,0,0,1,0,3,0,0,1,7,4,0,0,0,2,0,0,0,0,1,0,0,7,4,2,50,1,5,0,0,9,0,0,1,0,0,0,0,2,0,0,0,0,0,0,2,2,2,6,2,2,0,14,2,2,4,4,2,2,2,6,2,2,2,2,2,0,0,0,0,0,0,0,0,0,0,0,0,0,0,0,0,0,0,0,0,3,1,0,0,1,96,0,0,0,0,1,0,2,0,1,2,0,0,2,0,5,0,5,0,0,0,1,2,0,4,0,0,0,0,2,0,0,8,1,0,0,0,1,0,0,0,0,0,0,0,0,0,0,0,0,0,0,0,0,0,0,0,0,0,0,0,0,0,0,0,0,0,0,3,700,2900,5200,0,0,0,0,0,0,0,0,0,0,0,0,0,1,0,0,0,0,0,0,0,0,0,0,0,4,0,8,0,0,0,0,3,0,0,0,0,0,0,2,0,0,12804
2022-04,7,0,0,0,0,0,0,0,0,0,1,4,0,4,0,3,18,10,8,3,0,0,2,0,0,0,0,0,0,0,0,0,0,0,0,0,0,0,0,0,0,0,0,10,0,0,0,0,0,0,0,0,2,0,0,0,0,10,0,66,0,0,1,2,0,1300,0,0,66,0,0,0,0,1,70,0,8,0,0,17,0,0,0,0,0,0,0,0,0,0,0,0,0,0,0,0,0,0,1,0,0,0,2,0,17,0,0,2,3,0,0,0,0,0,0,0,0,10,4,0,0,0,0,10,0,2,360,0,0,0,0,2,0,4,1,0,0,0,0,1,0,0,0,0,0,1,0,1,1,0,128,0,0,0,1,0,0,0,0,0,0,0,0,0,0,0,2,0,0,0,1,1,7,0,18,0,0,25,20,17,27,0,1,0,2,0,6,4,0,0,0,1,0,0,0,2,23,3,0,2,0,2,0,0,0,1,3,1,0,0,0,0,0,0,1,0,2,1,0,0,4,0,7,0,4,4,1,0,0,0,0,0,0,0,0,0,0,6,4,0,0,1,0,0,0,0,19,4,2,0,1,0,1,0,0,1,1,0,0,1,1,0,0,0,0,0,0,0,0,0,0,0,1,0,7,0,1,0,0,0,0,0,0,0,0,0,0,0,0,0,1,3,0,0,0,0,0,0,15,0,0,0,0,0,0,0,11,1,0,0,0,0,0,0,0,1,1,1,2,8,0,0,0,0,0,3,0,0,0,0,0,0,0,0,0,0,2,1,0,0,2,0,0,0,1,7,1,0,0,0,0,0,3,2,0,0,0,0,0,0,0,0,0,0,0,0,1,0,0,0,0,0,0,0,0,0,0,5,0,0,0,0,0,1,0,0,0,0,3,4,1,0,0,0,0,0,0,1,0,0,14,26,0,0,0,64,8,0,0,0,0,0,0,0,0,0,0,0,4,0,0,0,0,0,0,0,0,0,0,0,0,0,0,0,0,0,0,0,0,0,0,0,0,1,0,0,0,0,0,0,0,0,2,0,0,0,0,0,0,0,1,0,1,0,0,0,18,5,5,5,0,0,0,0,0,0,0,0,0,0,0,0,0,0,0,0,1,0,0,0,0,0,0,0,0,0,0,0,0,0,0,0,0,0,228,0,0,0,0,0,0,0,0,0,0,0,0,0,0,0,0,0,0,0,0,0,0,2,0,0,0,0,0,0,0,1,0,0,3,0,4,0,0,1,3,0,1,0,0,0,3,0,0,0,1,1,0,0,0,10,10,10,0,0,1,0,22,0,0,0,0,0,0,0,0,0,0,2,4,0,2,1,8,0,0,0,0,0,0,0,0,1,0,0,0,0,7,1,0,0,0,20,10,20,0,5,7,30,10,0,2,0,0,0,40,0,0,27,0,0,0,0,0,0,0,0,0,0,0,0,0,0,0,0,1,0,0,0,0,0,1,0,0,0,0,0,0,0,0,0,0,0,0,0,0,1,1,0,0,12,0,0,1,4,0,9,0,13,0,2,2,0,26,0,7,0,0,1,0,0,0,4,0,1,1,2,0,0,0,0,0,0,5,0,9,2,0,7,1,0,1,1,2,0,0,0,0,0,0,0,11,1,2,4,0,6,0,0,0,0,0,0,0,0,0,0,1,0,0,0,0,0,0,0,2,2,2,0,2,0,4,0,22,0,4,2,2,2,6,2,2,2,2,2,0,0,0,0,0,0,0,0,0,0,0,0,0,0,0,6,0,0,1,1,3,0,0,0,0,79,2,0,0,0,0,0,0,0,10,0,0,0,2,0,3,0,1,0,0,0,0,1,0,4,0,0,2,0,0,0,0,8,2,0,0,0,1,0,0,4,0,4,1,0,0,0,0,0,0,0,0,0,0,0,0,0,0,0,0,0,0,0,0,0,0,0,0,0,180,1540,6280,0,0,0,0,0,0,0,1,0,0,0,0,0,0,0,0,0,0,0,0,0,0,0,0,0,0,4,2,0,0,3,0,0,0,12,1,0,0,0,0,0,0,11503
2022-05,3,0,0,1,0,0,1,0,0,0,1,3,1,1,2,0,8,0,0,0,3,0,0,0,0,0,2,2,0,0,0,0,0,0,0,0,0,0,0,0,0,0,0,2,0,0,0,0,0,0,0,0,28,40,0,0,8,0,12,5,4,4,4,4,0,1240,0,6,20,8,0,8,0,18,100,0,32,0,0,7,0,0,0,0,0,0,0,0,0,0,0,0,0,0,0,1,2,0,0,0,0,0,0,1,0,0,0,0,2,0,0,0,0,4,0,0,0,52,8,0,0,0,0,0,12,1,220,0,2,32,4,1,0,0,0,4,0,0,0,0,0,0,8,8,4,0,8,4,6,8,48,8,0,0,0,0,0,0,0,0,4,4,4,4,0,4,0,0,0,1,8,8,24,0,0,0,0,0,0,0,10,0,0,8,0,0,2,9,8,7,8,8,8,8,4,7,7,2,12,0,0,0,0,0,0,4,8,4,4,0,0,0,0,0,4,0,4,4,0,4,18,0,0,4,5,14,4,8,4,0,4,8,4,4,4,8,4,8,9,4,4,0,0,0,0,0,19,2,0,1,0,0,4,4,4,0,4,5,0,4,4,0,0,0,4,0,1,0,4,0,0,5,0,1,3,5,0,0,0,0,0,4,0,0,0,0,0,0,4,0,4,2,0,0,0,0,0,0,23,0,0,0,0,0,0,10,1,4,0,0,0,4,4,0,0,0,4,0,0,2,4,0,0,1,0,0,4,0,0,2,0,0,0,0,0,4,0,0,0,0,0,0,0,8,0,5,0,0,0,0,0,0,1,0,0,0,0,1,0,0,0,0,0,0,32,0,1,2,2,0,0,0,0,0,0,0,0,4,1,0,0,0,0,0,0,0,0,0,0,8,10,0,0,0,4,4,0,10,0,0,0,5,0,0,0,188,10,0,4,0,0,0,0,4,0,4,0,0,8,0,0,2,0,0,0,0,0,0,0,3,0,1,0,0,0,0,0,0,0,0,1,1,1,1,2,2,4,0,0,4,0,0,0,2,4,0,0,0,0,0,0,0,4,0,4,0,0,0,0,0,0,0,0,0,0,0,0,0,0,0,4,0,0,4,0,0,0,4,4,0,0,0,4,0,4,5,4,4,0,0,4,8,0,0,704,4,4,0,4,0,0,0,0,0,4,0,4,4,0,0,0,0,0,0,4,2,4,0,0,0,4,0,4,4,0,4,0,0,3,0,1,0,0,0,4,4,9,1,0,0,4,20,0,0,0,0,0,0,0,0,0,2,1,0,0,0,30,5,0,0,2,2,0,0,0,9,0,10,14,0,0,0,0,0,0,3,0,0,2,0,0,0,20,0,0,0,11,0,0,0,0,20,0,0,0,3,10,40,2,0,0,0,0,0,6,0,0,13,0,1,0,0,0,0,0,0,0,0,0,0,0,0,0,0,0,0,0,0,0,0,1,0,0,2,0,0,0,0,0,0,0,0,3,3,3,0,0,0,0,2,0,0,5,0,0,2,3,0,0,10,0,0,0,0,5,0,0,0,0,0,0,0,0,0,0,0,0,3,0,6,0,3,0,0,0,0,0,3,2,40,0,1,0,0,0,0,0,0,1,0,5,1,0,11,0,3,0,0,0,0,0,1,0,2,0,1,0,0,0,0,4,4,0,4,0,4,0,4,0,0,8,0,0,6,8,4,4,6,8,0,0,0,0,0,8,4,4,0,4,8,4,4,8,12,8,0,4,4,8,16,0,16,5,1,5,0,0,8,0,20,2,0,0,0,0,0,2,0,0,1,0,0,2,0,3,0,3,0,0,0,0,1,0,0,0,0,2,0,0,0,0,0,0,0,0,0,0,0,0,0,0,0,4,0,0,0,0,0,0,0,0,0,0,0,0,0,0,0,0,0,0,0,0,0,0,0,0,2,420,0,1900,0,0,0,0,0,4,4,4,4,4,8,0,0,0,0,0,0,0,0,0,0,0,0,0,0,0,11,10,0,0,2,0,0,0,4,0,0,0,0,0,0,0,6645
2022-06,1,0,0,0,0,0,0,0,0,0,2,0,0,0,0,0,7,9,0,0,0,1,0,0,0,0,0,0,0,0,0,0,0,0,0,0,0,0,0,0,0,0,0,10,0,0,0,1,0,1,0,1,0,0,0,0,2,5,3,4,1,0,0,2,0,400,0,0,11,19,0,0,0,0,10,0,4,0,0,6,0,0,0,0,0,0,0,0,0,0,0,0,0,0,0,0,2,0,0,2,0,0,0,0,0,0,0,0,0,0,0,0,0,0,0,0,0,7,0,0,0,0,0,4,0,4,80,0,3,0,0,0,0,0,0,0,0,0,0,3,0,0,0,0,0,0,0,0,0,0,16,0,0,0,0,0,0,0,6,5,0,0,0,0,0,0,1,0,0,0,0,0,0,0,0,0,0,0,0,2,10,0,0,0,0,0,1,0,0,3,0,0,0,0,0,0,6,1,1,1,0,1,0,0,0,0,0,0,0,0,0,0,0,0,0,2,0,0,1,0,4,0,4,0,5,0,0,0,0,0,0,0,0,0,0,0,0,4,10,0,0,0,0,0,0,0,14,1,1,0,0,0,0,0,3,0,0,0,0,0,0,0,0,0,0,0,0,0,0,0,0,0,1,0,4,0,0,0,0,0,0,0,0,0,0,0,0,0,0,0,1,1,0,0,0,0,0,0,11,0,0,0,0,0,0,0,0,0,0,0,0,0,0,0,0,0,0,0,0,3,0,0,0,1,0,0,0,0,0,1,0,0,0,0,0,0,0,0,0,0,10,0,0,0,0,9,0,0,0,0,0,0,5,0,0,0,0,1,0,0,0,0,0,0,0,0,0,0,1,0,0,0,0,0,0,0,0,0,0,1,0,0,0,0,0,0,0,0,0,0,0,0,0,0,0,0,0,1,0,0,4,10,0,1,0,92,4,0,0,0,0,0,0,0,0,0,0,0,0,0,0,0,0,0,0,0,0,0,0,3,0,0,0,0,1,0,0,0,0,1,0,0,0,0,0,0,0,0,0,0,0,0,4,0,0,0,0,0,0,0,0,0,0,0,0,0,8,0,0,0,0,0,0,0,0,0,0,0,0,0,0,0,0,1,0,1,1,0,0,0,0,0,0,0,0,0,0,0,0,0,0,0,0,0,0,0,0,0,0,4,0,0,0,0,0,0,0,0,0,0,0,0,0,0,0,0,0,1,0,0,0,0,0,0,0,0,0,0,0,0,1,0,0,0,0,2,0,0,0,0,2,0,0,0,0,0,4,0,0,0,0,0,0,0,0,0,10,2,2,0,1,1,1,0,0,0,0,1,1,0,0,3,0,0,0,0,0,0,0,0,0,0,0,2,0,0,0,0,0,0,0,7,0,0,0,0,6,3,0,2,1,0,0,0,2,0,0,2,0,0,0,0,0,0,0,0,0,0,0,0,0,0,0,0,0,0,2,0,0,0,2,0,0,1,0,0,0,0,0,2,0,0,0,1,0,5,5,0,1,6,0,0,12,0,0,0,0,2,8,0,0,0,3,0,3,0,0,1,0,0,0,0,0,0,1,0,0,0,2,0,1,0,0,2,0,0,0,2,1,2,0,0,2,0,0,0,0,0,0,0,8,0,2,2,0,0,0,0,5,0,0,0,0,0,0,0,0,0,0,0,0,0,0,0,0,0,0,0,0,0,0,0,0,0,0,0,0,0,0,0,0,0,0,0,0,0,0,0,0,0,0,0,0,0,0,0,0,0,0,0,0,0,0,0,1,0,0,0,0,33,0,0,0,0,0,6,0,0,8,0,1,0,0,0,1,0,0,2,0,0,0,3,0,0,0,0,0,0,0,0,0,2,0,0,0,0,0,0,0,0,0,0,0,0,0,0,0,0,0,0,0,0,1,1,1,1,1,1,1,1,1,1,1,1,1,1,2,0,200,360,740,0,0,0,0,0,0,0,0,0,0,1,0,0,0,0,0,0,0,0,0,0,0,0,0,0,0,0,1,0,0,0,3,0,1,0,0,0,0,0,0,0,0,2414
2022-07,2,0,0,2,1,0,0,0,10,0,0,1,0,1,0,0,60,48,234,2,0,0,4,0,1,0,0,0,0,0,0,0,0,0,0,0,0,0,0,0,0,0,0,0,0,0,0,0,1,0,0,0,0,0,0,0,1,0,0,10,0,0,0,2,0,840,0,0,4,0,0,0,0,5,20,0,0,0,0,13,0,0,0,0,0,0,0,0,0,0,0,0,0,0,0,0,0,0,0,4,0,0,2,0,0,0,0,0,0,0,0,0,0,0,0,0,0,0,0,0,0,8,0,0,0,9,440,0,0,10,1,0,0,0,0,0,0,6,0,0,0,0,0,0,0,0,0,0,0,0,56,2,0,0,2,0,0,0,0,0,0,0,0,0,0,0,2,0,0,1,0,0,17,0,0,0,0,13,9,9,7,0,0,0,0,0,1,0,0,5,0,0,0,0,0,10,0,0,1,0,0,1,0,0,0,0,0,0,0,0,0,0,0,0,4,0,1,0,1,0,7,0,2,0,6,7,0,0,0,0,0,2,0,0,0,0,0,12,10,0,0,0,0,0,0,0,36,1,2,0,1,0,5,0,0,0,0,0,0,0,0,0,0,0,0,1,0,0,0,0,0,1,0,1,0,1,0,0,0,0,0,0,0,0,2,0,0,0,0,0,0,2,0,0,0,0,0,0,36,0,0,0,0,0,0,0,1,0,0,0,1,0,0,0,0,0,0,0,0,0,0,0,0,1,0,0,1,0,0,1,0,0,0,0,1,0,2,2,0,0,2,2,0,0,1,4,0,0,0,0,0,0,0,1,0,0,0,1,0,0,0,5,0,0,0,0,4,0,0,0,0,0,0,0,0,0,0,8,1,0,0,0,1,0,0,0,0,0,0,0,0,0,0,0,0,5,0,1,0,0,8,22,0,0,0,110,6,0,0,0,0,0,0,0,0,0,0,0,0,0,0,1,0,0,0,0,2,0,1,1,0,2,1,0,0,0,0,0,0,0,1,1,1,0,1,1,0,0,0,0,0,0,1,0,0,0,0,0,1,0,0,0,9,0,4,0,9,0,0,0,0,0,0,0,0,0,0,0,0,30,0,0,0,0,0,0,0,0,1,0,0,0,0,1,0,0,0,0,0,0,0,0,0,0,164,0,0,0,0,0,0,0,2,2,0,0,0,0,1,0,0,0,0,0,0,5,0,1,0,0,0,0,0,0,0,0,0,2,0,0,0,0,0,0,0,5,0,0,0,0,2,10,0,0,0,0,0,0,2,0,0,18,0,0,0,0,29,0,0,0,0,0,0,0,0,0,0,0,0,0,0,0,0,0,0,0,0,0,2,0,1,0,0,0,5,0,28,1,0,0,0,2,0,0,0,10,107,92,0,0,0,0,0,0,14,0,0,6,8,0,0,50,0,0,0,0,0,0,10,0,0,0,0,0,0,0,10,0,0,0,0,0,0,0,0,0,0,1,0,14,0,0,1,0,3,1,2,3,3,5,0,0,40,0,0,4,1,0,0,0,0,0,16,0,14,0,0,5,4,2,0,8,0,0,0,0,10,1,0,2,0,1,0,0,0,4,0,1,0,0,12,2,3,0,0,0,0,0,0,0,15,4,0,0,0,5,0,0,5,0,0,0,0,1,0,0,0,0,0,0,0,0,1,0,6,4,4,6,4,4,16,6,4,12,12,4,6,24,14,4,4,4,4,6,0,0,0,0,0,0,0,0,0,0,0,0,0,0,0,0,0,0,0,1,1,6,0,0,1,34,0,0,0,0,0,10,8,0,87,0,0,0,58,0,2,0,4,0,0,0,0,2,1,0,0,0,2,0,0,1,0,0,0,0,0,0,8,0,0,2,0,0,1,0,0,0,0,0,0,0,0,0,0,0,0,0,0,0,0,0,0,0,0,0,0,0,0,0,260,6900,224560,0,0,0,0,0,0,0,0,1,1,0,0,0,0,0,0,0,0,0,0,0,0,0,0,0,0,4,5,0,2,0,3,2,0,7,1,0,0,4,8,0,0,235198
2022-08,17,0,0,0,0,0,0,0,0,0,1,3,0,1,0,0,20,0,8,0,1,0,24,0,0,0,0,0,0,0,0,0,0,0,0,0,0,0,0,0,0,0,0,24,0,0,1,0,7,0,0,0,0,1,0,0,18,0,0,31,0,0,0,5,0,4260,0,0,36,0,0,7,0,4,76,0,0,0,0,43,0,0,0,0,0,0,0,0,0,0,0,0,0,0,0,0,0,0,0,3,0,0,0,0,2,1,0,0,0,0,0,2,0,0,0,0,0,1,8,0,0,0,0,0,8,4,1140,0,0,6,0,1,0,0,0,0,0,1,0,0,0,0,0,0,0,3,0,0,0,0,90,0,0,0,4,0,0,0,0,6,1,0,0,1,0,0,2,0,1,0,1,1,37,0,16,3,0,23,15,17,33,0,0,0,0,0,1,2,0,0,0,3,0,0,0,17,4,20,12,0,0,0,0,0,0,0,0,0,0,0,0,1,0,0,0,0,1,0,5,0,20,0,21,0,12,1,0,0,0,0,0,0,0,0,0,0,0,39,21,0,0,3,0,0,0,0,22,1,2,0,0,0,3,0,2,0,0,0,0,0,0,0,0,0,0,0,1,0,0,0,0,5,1,6,0,0,0,0,0,0,0,0,0,0,4,0,0,0,0,0,1,2,1,2,0,0,0,0,90,0,0,0,0,0,0,0,4,3,0,0,0,0,0,0,0,0,1,0,0,0,0,2,0,0,0,1,0,0,0,0,0,0,0,0,0,0,1,2,0,1,1,0,0,0,1,12,4,0,0,0,0,0,6,2,0,0,0,0,0,0,0,1,0,0,0,0,0,0,1,0,0,0,0,0,0,0,0,14,0,0,0,0,0,0,0,0,0,0,0,0,0,0,0,0,0,0,0,0,0,0,8,23,0,0,0,166,24,0,0,0,0,0,0,0,0,0,0,0,0,0,0,0,0,0,0,0,0,0,0,0,0,0,0,0,0,0,0,0,0,0,0,0,0,1,0,0,0,0,0,2,2,1,4,0,0,0,0,0,0,0,1,0,4,2,0,0,5,0,0,0,1,1,1,1,0,0,0,0,0,0,2,1,0,0,0,0,1,0,0,0,0,0,0,0,0,2,2,0,0,0,0,0,0,0,540,0,0,0,0,0,0,1,0,0,0,0,0,0,5,0,0,0,0,0,0,0,0,4,0,0,0,1,0,0,0,0,0,0,0,0,1,0,0,0,0,1,0,1,0,0,7,2,8,0,0,0,2,0,0,0,0,19,0,0,0,0,53,0,2,0,0,0,0,0,0,0,0,0,1,0,0,0,0,0,0,0,0,0,0,0,0,0,0,0,0,0,123,2,1,0,0,42,0,0,0,12,9,24,4,0,0,0,2,0,2,0,0,10,0,0,0,36,0,2,0,0,0,0,0,0,0,1,0,0,0,0,2,0,0,0,1,0,0,0,4,0,3,0,1,3,1,0,0,1,0,3,1,0,1,3,0,0,117,16,0,14,1,2,0,0,0,0,37,0,26,0,0,0,0,0,0,8,0,0,0,0,0,0,0,1,0,0,0,0,0,0,0,2,6,3,0,0,4,0,0,0,0,0,0,0,26,1,2,1,0,20,0,0,9,0,0,0,0,0,0,0,2,0,1,0,0,0,1,0,10,12,8,14,8,0,34,10,10,22,22,10,10,10,32,8,8,8,6,8,0,0,0,0,0,0,0,0,0,0,4,0,0,0,0,0,0,0,1,0,1,0,2,0,1,62,6,0,0,0,8,0,0,0,5,0,0,0,2,0,22,0,12,2,0,0,0,1,1,0,0,0,4,0,0,1,0,3,0,0,0,0,0,0,0,16,0,0,0,0,0,0,0,0,0,0,0,0,0,2,1,1,1,1,1,1,1,2,1,1,1,1,2,1,280,7020,111680,0,0,0,0,0,0,0,0,0,0,0,0,1,0,0,0,0,0,0,0,0,0,0,0,0,3,20,17,2,0,0,0,0,0,18,3,0,0,0,0,0,0,127365
2022-09,7,0,0,0,0,0,0,0,0,0,1,9,1,4,0,3,4,8,12,1,1,0,2,0,0,0,0,0,0,0,0,0,0,0,0,0,0,0,0,0,0,0,0,19,0,1,0,0,16,0,0,9,6,4,0,0,23,0,3,114,0,1,1,8,15,9540,2,0,45,4,1,4,10,12,370,0,70,0,0,99,0,0,0,0,0,0,0,0,0,0,0,0,0,0,0,0,0,0,4,0,2,0,8,0,5,0,0,6,6,0,14,0,0,0,0,0,0,2,4,0,0,0,0,5,2,40,3820,0,1,6,5,0,0,0,0,0,0,4,0,3,0,0,0,1,0,2,5,3,3,6,7138,2,0,0,0,0,0,0,0,1,2,1,1,0,0,0,10,1,0,0,0,0,90,0,16,1,1,48,43,42,76,0,3,0,0,0,8,13,2,15,0,0,0,0,0,54,14,9,2,0,0,5,0,0,0,0,5,0,0,0,0,4,0,0,3,0,7,1,9,0,28,0,21,0,14,12,0,0,0,5,0,0,0,5,0,0,0,44,31,0,0,10,0,0,0,1,133,8,4,0,1,0,13,0,2,0,2,0,0,1,1,0,0,0,0,0,1,1,1,0,1,1,2,3,20,12,0,1,1,1,1,1,1,0,9,0,0,0,1,1,1,13,0,0,0,5,0,0,87,0,1,0,0,0,0,0,4,1,0,0,1,1,0,0,0,1,0,4,4,6,0,0,0,1,0,2,0,0,0,1,0,0,0,0,0,0,4,2,0,0,2,0,0,0,0,10,1,0,0,0,0,0,6,3,0,0,0,0,0,1,0,0,0,0,0,0,11,0,0,0,0,0,0,0,0,0,0,4,1,0,0,1,0,1,0,0,0,0,7,8,4,0,0,0,0,5,0,3,0,0,41,68,1,1,0,466,54,0,0,0,0,0,0,0,1,0,0,0,0,4,0,1,1,0,0,0,0,0,0,0,0,0,1,0,0,0,0,0,0,0,0,0,0,0,1,1,0,0,2,0,0,0,0,0,0,0,0,0,0,0,0,0,7,2,2,0,23,0,0,0,0,0,0,0,0,0,0,0,0,0,0,0,0,0,0,0,0,0,0,0,0,0,0,0,0,0,0,0,0,0,0,0,0,0,2522,0,0,0,0,0,0,0,0,0,0,0,0,0,0,0,0,0,0,0,0,4,0,2,0,0,0,0,0,0,2,0,0,0,4,0,1,0,0,5,0,6,0,10,0,0,4,2,0,0,0,0,0,3,0,2,18,27,1,0,0,0,130,2,2,0,0,1,0,0,0,1,0,1,1,0,14,3,8,1,0,0,0,0,0,0,0,3,0,5,0,0,9,9,0,0,0,52,0,0,0,15,8,101,32,0,11,0,16,6,36,0,0,6,21,7,6,0,5,0,1,0,0,10,5,0,0,0,0,0,1,0,2,0,0,0,0,0,1,0,0,0,0,0,0,7,3,0,0,0,1,12,4,0,4,4,8,1,192,6,0,39,3,5,0,4,2,0,88,1,73,1,1,4,0,0,0,6,0,7,2,0,0,0,6,2,1,1,3,2,11,1,0,39,17,10,0,0,13,0,0,0,0,0,0,0,88,1,17,7,0,55,0,0,28,0,0,0,0,0,0,0,3,0,1,0,0,0,0,0,6,12,4,10,4,2,14,8,6,18,18,12,12,8,8,4,4,4,4,4,0,0,0,0,0,0,0,0,2,0,0,0,0,0,0,8,0,0,0,2,6,0,0,0,0,106,34,0,0,0,0,0,0,0,40,0,0,0,9,0,8,0,0,2,1,0,0,2,0,12,0,0,2,0,2,2,0,20,0,0,0,0,1,0,0,0,0,0,0,0,0,0,0,0,0,0,0,0,0,0,0,0,0,0,0,0,0,0,0,0,0,0,0,2,2700,13100,166900,0,0,0,0,0,0,0,3,8,3,0,0,2,1,0,0,0,0,0,0,0,0,0,0,0,0,0,53,10,0,3,0,0,0,20,0,9,0,0,0,0,0,210457
2022-10,47,0,0,2,0,0,0,0,0,0,4,8,6,9,1,0,61,0,42,17,2,0,15,0,0,14,1,1,0,0,0,0,1,0,0,0,0,0,0,0,0,0,0,0,0,0,0,0,4,0,0,2,82,0,3,3,52,22,16,117,0,3,2,9,0,40080,0,0,270,15,2,3,0,6,706,0,14,0,0,158,0,0,0,0,1,0,0,0,0,0,0,0,0,0,2,0,1,0,1,0,1,0,0,1,11,4,0,14,2,0,5,0,0,0,0,0,4,0,0,0,0,0,0,0,13,93,5940,0,4,21,0,0,2,8,13,0,0,12,0,1,0,1,0,0,1,2,5,2,2,6,1072,27,0,0,5,0,0,0,0,0,3,0,0,0,0,0,4,2,1,0,8,5,90,2,22,0,0,37,42,106,322,0,7,0,1,3,17,15,4,13,0,11,4,2,0,84,38,11,8,8,1,8,0,1,0,0,2,0,0,0,5,6,0,0,8,10,2,6,28,0,74,0,66,0,66,13,0,0,7,0,0,0,0,0,0,0,0,176,80,1,0,4,0,0,0,0,189,0,6,0,0,0,1,1,0,0,2,1,1,1,2,22,0,0,0,1,2,0,0,0,0,1,6,34,44,9,0,0,0,0,4,0,0,0,54,0,0,0,1,0,5,8,0,0,1,1,0,10,380,1,0,0,0,0,0,0,17,10,5,1,1,2,2,0,0,0,4,1,1,4,0,0,0,2,0,10,0,0,0,0,0,0,0,0,0,0,22,14,4,0,11,0,0,0,4,120,5,0,0,0,0,0,26,10,0,0,0,2,0,0,0,2,0,0,0,0,11,1,2,0,0,0,0,0,0,0,0,33,2,0,0,0,0,0,0,0,0,0,3,4,10,0,0,0,0,5,0,12,0,2,134,248,0,0,2,1690,173,0,0,0,0,0,0,0,0,0,0,0,25,3,0,0,0,0,0,1,0,2,0,0,1,0,0,0,0,0,0,0,1,0,0,0,0,2,1,1,0,0,0,0,0,0,1,0,0,5,5,5,0,1,1,0,47,16,0,1,60,3,2,1,0,6,3,2,0,4,1,3,0,0,2,2,0,0,0,0,2,0,0,0,0,0,10,0,0,0,0,0,0,0,3,3,0,4,8768,0,0,0,0,0,0,0,2,1,0,1,0,0,0,0,0,0,0,0,2,5,0,19,2,0,0,0,1,0,4,1,0,0,3,0,8,1,0,3,2,0,0,1,0,0,9,39,2,1,0,0,0,3,1,11,7,143,0,0,0,2,457,2,2,0,2,1,0,0,0,5,0,4,4,0,5,3,10,0,0,0,0,0,0,0,1,1,0,0,0,0,29,20,1,0,0,502,2,4,0,0,62,106,17,0,0,0,14,4,64,0,26,35,34,12,2,0,1,0,0,0,0,0,10,0,0,0,0,0,1,0,6,0,0,0,11,0,0,0,0,0,8,3,5,6,5,1,1,2,2,20,11,12,3,15,2,1,388,0,1,109,1,10,4,4,2,0,201,1,172,0,0,4,6,8,0,31,1,9,3,0,0,2,11,4,4,1,3,14,0,3,1,9,10,1,4,4,26,0,0,0,0,0,0,0,280,8,28,13,7,224,0,0,12,0,0,0,0,2,0,0,11,0,2,1,2,0,2,0,28,34,22,26,16,2,60,32,18,76,76,30,26,26,82,14,14,14,14,18,0,0,0,0,0,0,1,2,2,0,0,1,0,0,0,10,4,2,0,5,16,1,0,0,8,587,9,0,0,0,10,3,0,0,45,11,0,0,32,0,39,0,26,10,0,1,1,8,1,0,0,0,2,0,0,8,10,25,0,0,0,0,6,0,0,0,0,0,6,0,0,0,0,0,0,0,0,0,2,3,0,2,0,0,1,1,2,1,0,0,1,1,0,8,12220,1620,42220,0,0,0,0,0,3,0,10,3,1,1,2,1,3,1,2,1,2,1,2,1,1,1,1,0,7,23,12,0,0,4,0,2,0,46,4,25,0,0,0,0,0,124146
