Part No.,19-Oct,19-Nov,19-Dec,20-Jan,20-Feb,20-Mar,20-Apr,20-May,20-Jun,20-Jul,20-Aug,20-Sep,20-Oct,20-Nov,20-Dec,21-Jan,21-Feb,21-Mar,21-Apr,21-May,21-Jun,21-Jul,21-Aug,21-Sep,21-Oct,21-Nov,21-Dec,22-Jan,22-Feb,22-Mar,22-Apr,22-May,22-Jun,22-Jul,22-Aug,22-Sep,Grand Total
00000-6200M,2,7,10,2,2,2,3,0,2,0,6,4,26,17,22,9,4,4,10,2,2,2,12,29,34,63,24,15,7,9,7,3,1,2,17,7,368
00006-2200M,0,0,0,0,0,0,0,0,0,0,0,0,0,0,0,0,0,0,0,0,0,0,0,0,0,0,2,0,0,0,0,0,0,0,0,0,2
00006-5200M,0,0,0,0,0,0,0,0,0,0,0,0,0,2,1,0,0,0,0,0,0,0,0,2,0,0,2,0,0,0,0,0,0,0,0,0,7
00008-5200M,1,0,0,0,1,0,0,0,0,1,0,0,1,1,0,0,0,1,0,0,0,2,0,1,0,0,0,1,1,0,0,1,0,2,0,0,14
00008-6200M,0,0,0,0,0,0,0,0,0,0,0,0,0,0,0,0,0,0,0,0,0,0,0,1,0,0,0,0,1,0,0,0,0,1,0,0,3
00008-7200M,0,0,0,0,0,0,0,0,0,0,0,0,2,0,0,0,0,0,0,0,0,0,0,0,0,0,2,0,0,0,0,0,0,0,0,0,4
00008-8100M,0,0,0,0,0,0,0,0,0,0,0,0,0,0,0,0,0,0,0,0,0,0,0,0,0,0,0,0,0,0,0,1,0,0,0,0,1
00009-63000,0,0,0,0,0,0,0,0,0,0,0,0,0,1,0,0,0,0,0,0,3,0,0,0,0,0,0,0,0,0,0,0,0,0,0,0,4
00033-8000M,0,0,0,0,0,0,0,0,0,0,0,0,0,1,0,0,0,0,0,0,0,0,0,0,10,0,0,2,0,0,0,0,0,10,0,0,23
00033-90000,0,0,0,0,0,0,1,0,0,0,0,0,0,5,0,0,0,0,0,0,0,0,0,2,2,2,0,2,0,0,0,0,0,0,0,0,14
00037-81000,2,9,2,0,0,0,1,0,0,0,0,3,0,9,4,2,0,0,2,1,0,0,0,0,0,8,6,1,2,0,1,1,2,0,1,1,58
00037-91000,2,20,6,3,4,3,4,4,0,0,0,8,6,20,23,4,1,2,8,4,0,0,2,5,11,42,34,15,4,3,4,3,0,1,3,9,258
00038-50000,1,8,1,0,0,0,1,0,0,0,0,2,2,9,10,1,1,0,0,0,0,0,0,0,0,9,9,1,1,0,0,1,0,0,0,1,58
00038-60000,4,29,9,3,5,3,3,3,1,0,0,4,6,21,26,7,2,4,4,2,1,0,4,2,9,31,39,13,4,3,4,1,0,1,1,4,253
00039-60000,1,0,0,0,0,0,0,0,0,0,0,0,0,0,0,0,0,1,0,0,0,0,0,0,0,0,0,0,0,0,0,2,0,0,0,0,4
00041-5000M,0,2,1,0,2,0,0,0,2,0,0,0,0,0,1,2,0,0,0,0,0,0,0,2,0,0,3,5,0,5,3,0,0,0,0,3,31
00044-3200M,30,78,26,32,0,24,10,6,0,0,2,0,32,86,66,4,9,5,1,0,0,0,3,7,14,233,86,37,24,20,18,8,7,60,20,4,952
00045-0000M,20,20,0,8,0,0,8,0,0,4,0,0,0,34,22,4,0,0,0,0,0,0,0,10,14,10,0,8,0,0,10,0,9,48,0,8,237
00045-1000M,32,18,8,5,0,12,10,2,10,0,10,0,8,20,35,20,2,2,24,0,0,4,10,0,2,32,31,10,0,0,8,0,0,234,8,12,569
00045-3000M,0,0,2,0,0,3,0,0,0,0,2,0,7,11,6,1,0,1,0,0,0,0,2,2,0,21,11,2,2,1,3,0,0,2,0,1,80
00046-1200M,1,0,0,1,1,0,0,0,2,2,0,0,0,1,0,0,0,2,1,0,1,2,0,1,0,0,0,0,2,0,0,3,0,0,1,1,22
00068-80000,0,0,0,0,0,0,0,0,0,0,0,0,0,0,0,0,0,0,0,0,0,0,0,0,0,0,0,0,0,0,0,0,1,0,0,0,1
00069-00000,0,3,7,2,2,0,10,0,4,0,0,0,0,7,51,28,2,2,0,0,10,0,0,6,2,40,75,6,9,0,2,0,0,4,24,2,298
00071-2000M,0,2,0,0,1,0,0,0,0,0,0,0,0,0,0,0,0,0,0,0,0,0,0,0,0,0,0,0,0,0,0,0,0,0,0,0,3
00073-8000M,0,0,1,0,0,1,0,0,0,0,0,0,0,0,0,0,0,0,0,0,0,0,0,3,0,0,0,1,0,0,0,0,0,1,0,0,7
00073-9000M,10,11,0,0,0,11,0,0,0,0,0,1,4,39,26,0,0,0,0,0,6,0,2,2,2,20,18,0,0,0,0,0,0,0,0,0,152
00082-30000,1,0,0,0,0,0,0,0,0,0,0,0,0,0,0,0,0,1,0,0,1,0,0,0,0,0,0,0,0,0,0,2,0,0,0,0,5
00082-5100M,1,0,0,0,0,0,0,0,0,0,0,0,0,0,0,0,0,1,0,0,0,0,0,1,0,0,0,0,0,0,0,2,0,0,0,0,5
00085-30000,0,0,0,0,0,0,0,0,0,0,0,0,0,0,0,0,0,0,0,0,0,0,0,0,0,0,0,0,1,0,0,0,0,0,0,0,1
00085-40000,0,0,1,0,0,0,0,0,0,0,0,0,0,0,0,0,0,0,0,0,0,0,0,0,0,0,0,0,0,0,0,0,0,0,0,0,1
00085-4000C,0,0,0,0,0,0,0,0,0,0,0,0,2,0,0,0,0,0,0,0,0,0,0,0,4,0,0,0,0,0,0,0,0,0,0,0,6
00093-41000,0,2,0,0,0,0,0,0,0,0,0,0,0,3,5,0,0,0,0,0,0,0,0,0,0,0,4,0,0,0,0,0,0,0,0,0,14
00096-00000,0,1,0,0,0,0,0,0,0,0,0,0,0,0,0,0,0,0,0,0,0,0,0,0,0,2,1,0,0,0,0,0,0,0,0,0,4
00097-50008,0,2,0,0,1,0,0,0,0,0,2,0,0,0,0,0,0,0,0,0,0,0,0,3,0,0,1,1,2,0,0,0,0,0,0,0,12
00097-6000M,0,10,5,0,0,0,0,0,0,0,0,0,0,0,0,0,0,0,0,0,0,0,0,0,0,5,0,0,0,0,0,0,0,0,0,0,20
00098-00000,0,0,0,0,0,0,0,0,0,0,0,0,0,0,0,0,0,0,0,0,3,0,0,0,0,5,0,0,0,0,0,0,0,0,0,0,8
01053-51235,2,73,0,5,4,0,0,8,0,0,0,0,20,44,76,4,6,0,12,4,2,2,14,0,0,0,0,0,0,0,0,0,0,0,0,0,276
01053-51240,4,12,0,0,0,0,0,0,0,0,0,2,0,0,6,0,0,0,0,10,0,0,0,0,0,10,18,0,0,0,0,0,0,0,0,0,62
01123-50816,74,60,0,0,0,0,0,0,0,0,0,0,0,0,0,0,0,0,0,0,0,0,0,0,0,0,0,0,0,0,0,0,0,0,0,0,134
01153-50816,9,51,10,0,0,0,2,1,0,0,0,1,20,29,0,0,0,0,0,0,0,0,0,0,0,0,0,0,0,0,0,0,0,0,0,0,123
01153-50820,1,77,55,2,0,4,15,0,3,2,0,38,21,10,0,0,0,0,0,0,0,0,0,0,0,0,0,0,0,0,0,0,0,0,0,0,228
02056-50120,8,103,69,5,4,0,0,8,0,0,3,4,5,14,0,0,0,0,0,0,0,0,0,0,0,0,0,0,0,0,0,0,0,0,0,0,223
02056-50140,10,12,0,0,0,0,1,0,0,0,0,0,1,14,30,0,1,0,0,0,0,0,3,1,0,0,0,0,0,0,0,0,0,0,0,0,73
02114-50080,21,130,17,6,36,7,6,12,2,10,0,23,26,71,147,0,1,0,0,0,0,0,0,0,12,282,97,13,58,22,10,2,10,0,24,19,1064
02114-50100,324,880,0,0,0,0,0,0,0,0,0,0,0,0,0,0,0,0,0,0,0,0,0,0,0,0,0,0,0,0,0,0,0,0,0,0,1204
02526-6000M,1,1,0,0,0,0,0,0,0,0,0,1,0,0,1,0,0,0,0,0,0,0,0,0,0,2,0,0,0,0,0,0,0,0,0,1,7
03291-0200M,0,0,0,0,0,0,0,0,0,0,0,1,0,0,0,0,0,1,0,0,0,0,1,1,0,0,0,1,0,0,0,0,0,0,1,0,6
03502-2300M,0,0,0,0,0,0,0,0,0,0,0,0,0,0,0,0,0,0,0,0,0,0,0,0,0,0,0,0,0,0,0,0,1,0,0,0,1
03514-5500M,62,55,25,6,4,14,1,0,6,22,7,0,29,41,127,29,6,2,0,2,6,2,18,3,36,132,54,34,2,0,0,0,0,1,7,16,749
03518-9000M,0,0,0,0,0,0,0,0,0,0,0,0,0,0,0,0,0,0,0,0,0,0,0,0,0,0,0,0,0,0,0,0,1,0,0,0,1
04060-8401M,0,0,0,0,0,0,0,0,0,0,0,0,0,10,0,0,0,0,0,0,0,0,0,0,0,0,0,0,0,0,0,0,0,0,0,0,10
04088-3300M,0,18,0,0,0,0,0,0,0,0,0,0,3,1,0,0,0,0,0,0,0,0,2,2,0,12,2,0,0,0,0,0,1,0,0,9,50
04232-2200M,0,2,0,0,0,2,2,0,0,0,2,0,0,0,2,2,5,0,0,0,0,5,0,10,3,8,21,3,0,0,2,28,0,0,0,6,103
04278-3600M,0,3,10,1,0,1,0,0,0,0,0,0,0,2,0,0,1,0,0,0,0,0,0,0,0,0,1,1,0,0,0,40,0,0,1,4,65
04300-0400M,0,0,0,0,0,0,0,0,0,0,0,0,0,0,0,0,0,0,0,0,0,0,0,0,0,0,1,0,0,0,0,0,0,0,0,0,1
04306-2501M,21,23,20,4,3,11,8,0,0,6,7,17,19,28,83,5,29,8,2,0,0,3,10,24,50,80,49,6,4,8,0,8,2,1,18,23,580
04306-7900M,0,5,0,0,0,0,0,0,10,0,0,0,0,2,25,2,0,0,0,0,0,0,0,0,2,25,0,1,0,0,10,0,5,0,0,0,87
04310-7400M,0,0,10,0,0,0,0,0,0,0,0,0,0,5,3,0,3,0,0,0,0,0,0,0,0,30,6,10,3,3,0,12,3,0,0,3,91
04311-6101M,170,270,95,12,16,35,8,3,4,29,22,34,176,267,390,84,13,10,34,13,0,8,41,63,284,708,335,75,7,28,66,5,4,10,31,114,3464
04313-6601U,0,3,3,0,1,0,1,0,0,0,5,0,0,0,3,3,0,0,2,0,0,0,0,0,1,1,3,7,0,0,0,4,1,0,0,0,38
04315-62010,0,4,0,0,0,0,0,0,0,0,0,1,2,3,2,0,0,0,0,0,1,0,0,0,6,3,0,0,1,0,0,4,0,0,0,1,28
04323-4101M,10,11,1,2,0,0,0,0,0,0,0,0,2,4,6,1,0,0,0,0,0,1,1,0,1,8,2,0,0,0,1,4,0,0,0,1,56
04333-9401M,2,15,13,2,1,1,9,1,0,0,2,2,6,18,49,6,2,2,0,3,0,3,13,3,14,54,36,8,2,2,2,4,2,2,5,8,292
04334-1501M,0,0,0,0,0,0,0,0,0,0,1,1,0,0,0,1,0,0,0,0,0,0,0,0,0,12,2,0,0,0,0,0,0,0,0,15,32
04402-84000,17220,30000,13320,1680,1300,1040,1484,500,320,360,2680,7340,4900,25700,38780,2160,1120,720,1560,1660,780,2420,4320,24840,17100,40480,27580,3540,1080,1400,1300,1240,400,840,4260,9540,294964
04407-01016,0,0,2,0,0,2,0,0,0,0,0,1,0,2,5,0,0,0,0,0,0,0,0,2,1,2,5,2,0,0,0,0,0,0,0,2,26
04408-6201M,3,0,2,0,0,0,0,0,0,0,0,2,3,0,2,0,0,0,0,1,0,0,0,0,2,1,1,0,0,0,0,6,0,0,0,0,23
04409-7200M,37,61,6,1,32,20,60,1,20,0,2,19,100,145,177,54,0,0,5,0,0,10,0,63,251,595,178,86,25,32,66,20,11,4,36,45,2162
04409-8500M,21,6,26,10,3,14,0,0,0,0,2,9,24,31,8,10,7,4,0,5,0,0,10,0,1,99,35,4,0,0,0,8,19,0,0,4,360
04414-3100M,0,0,0,0,0,0,0,0,0,0,0,0,0,2,1,0,0,0,0,0,0,1,0,0,1,0,0,0,0,0,0,0,0,0,0,1,6
04421-4301M,5,5,0,2,4,0,0,0,0,0,0,0,0,2,2,2,0,0,0,0,0,0,0,0,0,20,2,2,0,0,0,8,0,0,7,4,65
04428-90000,0,1,0,0,0,0,0,0,0,0,0,0,0,0,3,1,0,0,0,2,0,0,0,0,0,1,5,0,2,1,0,0,0,0,0,10,26
04464-6301M,17,59,16,0,2,0,0,0,0,0,0,0,15,36,96,6,2,6,1,2,2,26,6,22,11,12,82,9,1,2,1,18,0,5,4,12,471
04469-12000,1080,3251,1074,259,32,50,201,50,23,30,214,651,603,3524,2705,150,129,74,121,239,34,12,117,720,681,5283,2412,171,125,10,70,100,10,20,76,370,24671
04512-50100,0,0,0,0,0,0,0,0,0,0,0,0,0,2,0,0,0,0,0,0,0,0,0,0,0,0,0,0,0,0,0,0,0,0,0,0,2
04512-50120,12,180,66,10,16,2,0,16,0,0,0,16,2,104,144,0,32,0,4,0,0,4,36,0,0,120,76,2,14,24,8,32,4,0,0,70,994
04512-50220,2,8,10,2,2,2,3,0,2,0,6,2,27,8,8,8,4,0,0,0,0,0,0,30,24,32,0,0,0,0,0,0,0,0,0,0,180
04611-00450,0,13,4,1,2,0,0,0,0,0,0,20,0,10,22,0,0,0,0,0,0,0,0,6,0,28,0,0,0,0,0,0,0,0,0,0,106
04611-00520,154,306,124,11,15,40,41,0,0,29,43,70,90,296,495,83,0,8,1,17,0,17,86,113,205,679,311,137,45,37,17,7,6,13,43,99,3638
04611-00720,30,102,12,0,0,0,0,0,0,0,0,0,0,0,0,0,0,0,0,0,0,0,0,0,0,0,0,0,0,0,0,0,0,0,0,0,144
04612-00120,18,1,2,0,0,0,0,0,0,0,0,0,0,14,26,3,0,0,0,0,0,0,0,0,0,0,0,0,0,0,0,0,0,0,0,0,64
04612-00250,13,0,1,2,3,0,0,0,0,2,1,0,0,6,21,2,2,0,17,0,0,0,0,2,0,35,0,0,0,0,0,0,0,0,0,0,107
04612-00300,3,18,13,0,0,1,4,0,2,0,1,7,21,31,43,0,2,12,3,11,2,0,0,2,36,49,2,0,0,1,0,0,0,0,0,0,264
04652-81004,0,0,0,0,0,0,0,0,0,0,0,0,0,0,0,0,0,0,0,0,0,0,0,0,0,0,1,0,0,0,0,0,0,0,0,0,1
04652-9100M,0,0,0,0,0,0,0,0,0,0,0,0,2,0,0,0,0,0,0,0,0,0,0,0,0,0,2,0,0,0,0,0,0,0,0,0,4
04653-0100M,0,0,0,0,0,0,0,0,0,0,0,0,0,0,0,0,0,0,0,0,0,0,0,0,0,0,2,0,0,0,0,0,0,0,0,0,2
04653-1100M,0,0,0,0,0,0,0,0,0,0,0,0,0,0,0,0,0,0,0,0,0,0,0,0,0,0,2,0,0,0,0,0,0,0,0,0,2
05122-51275,0,0,0,0,0,0,0,0,0,0,0,0,0,0,0,0,0,0,0,0,0,0,0,0,2,0,0,0,0,0,0,0,0,0,0,0,2
05411-00525,15,5,3,0,0,0,1,0,0,0,0,15,0,0,0,0,0,0,0,0,0,0,0,0,0,0,0,0,0,0,0,0,0,0,0,0,39
05532-73008,0,0,0,0,0,0,0,0,0,0,0,0,2,0,0,0,0,0,0,0,0,0,2,0,1,0,2,1,0,0,0,0,0,0,0,0,8
05532-83008,0,0,0,0,0,0,0,0,0,0,0,0,1,0,0,0,0,0,0,0,0,0,2,0,0,0,0,0,0,0,0,0,0,0,0,0,3
05532-9900M,0,0,0,0,0,0,0,0,0,0,0,0,0,0,0,0,0,0,0,0,0,0,0,0,0,0,0,2,0,0,0,0,0,0,0,0,2
05533-0100M,0,25,14,0,0,2,0,0,0,0,2,0,0,9,3,4,4,2,22,0,0,0,0,2,12,14,0,0,7,0,0,0,0,0,0,0,122
05533-2100M,0,0,0,0,0,0,0,0,0,0,0,1,0,1,11,0,3,0,0,0,0,0,0,0,0,0,8,0,0,0,0,1,0,0,0,0,25
05533-6700U,1,4,1,2,0,0,1,0,0,0,0,0,8,8,12,0,1,0,2,0,0,0,0,2,0,4,5,4,0,0,0,2,2,0,0,0,59
05533-7500U,0,0,0,2,0,0,0,0,0,0,0,0,0,0,5,1,0,0,0,0,1,0,6,1,3,5,4,0,0,0,0,0,0,0,0,0,28
05533-8500M,0,0,2,2,0,0,0,0,0,0,0,0,0,4,3,0,0,0,0,2,0,0,4,2,1,6,6,1,0,0,1,0,0,0,0,4,38
05533-9200U,0,0,28,8,1,1,0,0,0,2,0,0,8,18,12,4,2,4,2,0,6,2,20,0,50,78,5,18,2,0,0,0,2,4,3,0,280
05534-0500U,0,2,0,2,0,0,0,0,0,0,0,0,0,1,8,0,0,0,0,3,0,0,6,1,1,4,12,0,0,1,0,0,0,0,0,2,43
05534-2600U,9,10,3,2,0,1,1,0,0,0,0,0,2,5,21,0,1,0,0,0,0,0,0,3,1,5,4,1,0,0,0,0,0,0,0,0,69
05534-5400M,6,10,6,4,0,0,0,0,0,0,0,3,4,31,21,5,7,3,0,0,0,1,7,6,4,19,20,0,1,0,2,0,0,2,0,8,170
05534-5500M,0,0,0,0,0,0,0,0,0,0,0,0,0,2,2,0,0,0,0,0,0,0,0,6,0,7,5,1,0,0,0,1,0,0,0,0,24
05534-6300C,16,75,13,3,4,2,2,0,2,0,0,4,14,65,131,12,11,3,15,0,4,0,7,2,20,103,98,8,8,0,17,0,0,0,2,5,646
05534-7100U,0,2,4,1,1,2,0,0,0,0,0,7,0,7,18,2,3,2,0,2,2,0,0,1,2,15,16,8,0,2,0,0,0,0,1,0,98
05534-8100M,1,0,5,0,2,0,2,0,0,0,0,0,0,3,6,0,0,0,0,0,0,0,0,0,0,3,5,4,0,0,0,0,0,0,0,0,31
05534-9300M,2,56,5,0,0,4,12,0,4,0,0,0,0,47,42,17,0,0,0,2,0,0,0,2,9,143,49,14,4,0,2,0,0,0,0,6,420
05535-03006,1,13,9,3,0,3,2,0,0,0,3,2,3,13,29,0,6,2,1,0,0,2,5,1,0,13,20,9,0,0,3,2,0,0,0,6,151
05535-1200M,12,20,5,2,1,0,0,0,0,1,0,0,0,0,0,2,0,0,0,0,0,0,0,0,0,30,24,1,0,0,0,0,0,0,0,0,98
05547-4000M,0,5,2,0,8,0,2,0,2,0,3,2,0,32,2,0,0,0,0,3,0,3,0,1,2,65,6,0,8,8,0,0,0,0,0,14,168
05687-20004,0,0,0,0,0,0,0,0,0,0,0,0,0,0,0,0,0,0,0,0,0,0,0,0,0,0,0,0,0,0,0,0,0,0,2,0,2
05687-2000U,0,0,0,0,0,0,0,0,0,0,2,0,0,0,0,0,0,0,0,0,0,0,0,0,0,2,0,0,4,0,0,0,0,0,0,0,8
05698-4000M,0,0,0,0,1,0,1,0,0,0,0,0,0,12,2,0,18,1,0,0,0,0,0,0,0,13,0,0,0,0,0,4,0,0,0,0,52
05774-2100U,9,0,5,6,1,1,0,0,0,8,0,0,10,13,9,4,0,0,2,3,7,0,30,3,10,78,10,4,4,0,0,0,0,0,0,0,217
05774-3100U,13,12,6,0,0,1,0,0,0,0,2,0,15,3,8,2,0,0,0,0,6,0,30,0,3,24,14,0,0,0,0,0,0,0,0,0,139
05774-5100U,0,1,0,8,1,8,0,0,0,0,0,13,0,3,8,4,6,10,0,8,0,0,0,0,20,30,3,10,0,0,0,0,0,0,0,0,133
05778-8100M,10,14,12,4,0,0,0,1,2,0,0,0,2,12,13,6,7,2,0,4,1,0,2,1,2,14,8,6,6,2,10,52,7,0,1,2,203
05825-6100M,8,0,0,0,0,0,0,0,0,0,0,0,0,8,0,0,0,0,0,0,4,0,10,0,0,0,4,8,0,0,4,8,0,0,8,4,66
05827-5100M,0,3,0,0,0,0,0,0,0,0,0,0,0,0,0,0,0,0,0,0,0,0,0,0,0,0,0,0,0,0,0,0,0,0,0,0,3
05827-5200M,0,2,0,0,0,0,0,0,0,0,0,0,0,12,0,0,0,0,0,0,0,0,0,0,0,0,0,0,0,0,0,0,0,0,0,0,14
05833-8100M,0,0,0,0,0,0,0,0,0,0,0,0,0,0,0,0,2,0,0,0,0,0,0,0,0,0,0,0,0,0,0,0,0,8,0,0,10
05913-33000,0,3,2,0,0,0,0,0,0,0,0,0,0,0,2,0,0,0,0,0,0,0,0,0,0,0,0,0,0,0,0,0,0,0,0,0,7
05948-3000M,0,5,0,0,0,0,4,0,0,0,0,4,0,2,0,0,0,0,0,0,0,0,0,0,0,2,1,0,0,0,10,0,4,0,0,5,37
06080-7100M,5,5,7,3,4,0,1,0,0,0,0,0,2,4,8,4,3,1,0,0,0,0,0,0,0,10,8,6,0,0,0,12,0,0,8,2,93
06151-1500U,17,111,61,10,9,5,3,3,0,0,3,3,21,69,138,19,13,5,7,3,1,0,10,49,63,149,127,25,4,5,2,1,4,9,4,40,993
06296-91010,3680,11700,4140,740,280,500,720,120,60,100,920,1920,2520,13400,13160,680,440,360,160,240,60,480,1080,8240,5500,19500,10320,820,540,280,360,220,80,440,1140,3820,108720
06346-7000M,0,0,0,0,0,0,0,0,0,0,0,0,0,0,0,0,0,0,0,0,0,0,0,2,0,0,0,0,0,0,0,0,0,0,0,0,2
06402-50000,0,5,2,1,2,5,0,0,0,0,0,2,4,0,38,1,0,1,0,0,0,0,7,10,6,24,23,7,2,0,0,2,3,0,0,1,146
06403-50000,0,11,0,0,0,0,0,0,0,0,0,0,0,8,10,0,0,6,0,0,0,0,0,8,0,28,38,24,0,0,0,32,0,10,6,6,187
06408-2000M,18,53,18,0,0,0,0,0,0,0,0,3,7,19,32,0,0,0,1,0,0,8,0,18,26,38,17,2,0,2,0,4,0,1,0,5,272
06444-7000M,1,5,12,1,0,0,0,0,0,0,0,1,0,2,8,0,0,0,0,0,0,0,0,1,1,2,8,4,0,0,2,1,0,0,1,0,50
06445-1100M,1,2,5,3,0,0,0,0,0,0,0,0,0,4,2,0,0,3,0,1,0,0,0,0,1,2,7,3,0,0,0,0,0,0,0,0,34
06445-6100M,5,31,16,5,4,3,0,0,0,0,0,1,3,17,21,0,0,5,2,0,0,6,0,2,1,18,46,17,2,5,4,0,0,0,0,0,214
06525-7000M,3,0,2,0,0,0,0,0,0,0,0,0,2,1,7,0,0,0,0,0,0,0,0,2,2,23,2,0,0,0,1,0,0,0,0,0,45
06548-2200M,0,1,0,0,0,0,0,0,0,0,0,0,0,0,0,0,0,0,0,0,0,0,0,0,0,0,0,1,0,0,0,4,0,0,0,0,6
06548-7000M,0,0,0,0,0,0,0,0,0,0,0,0,0,16,0,0,0,0,0,0,0,0,0,8,0,0,0,16,0,0,0,0,0,0,0,0,40
06655-62000,9,26,3,0,0,0,1,0,10,0,0,0,21,47,6,6,1,10,26,0,0,0,0,0,2,18,12,28,0,20,0,0,0,6,1,4,257
06658-0100M,0,0,1,0,0,0,0,0,0,0,0,0,0,2,0,0,0,0,0,0,0,0,1,0,0,12,1,0,0,0,0,0,0,0,0,0,17
06659-2100M,5,15,6,1,1,0,0,0,0,0,1,14,0,3,6,0,1,0,0,0,0,0,1,0,10,22,13,0,0,0,1,0,3,0,0,3,106
06659-40008,3,0,1,1,0,0,1,0,0,0,0,1,1,0,4,0,0,0,0,0,0,0,0,0,0,1,0,0,0,1,0,0,0,0,0,0,14
06662-90008,0,0,0,0,0,0,0,0,0,0,0,0,0,0,0,0,0,0,0,0,0,0,0,0,0,1,0,0,0,0,0,0,0,0,0,0,1
06664-9000U,0,0,0,0,2,0,0,0,0,0,0,0,0,15,2,3,0,0,0,0,2,0,0,0,0,4,0,5,0,0,0,8,0,0,0,0,41
06665-0100M,2,1,10,0,0,0,0,0,4,0,0,0,0,0,2,2,0,0,0,0,3,0,0,0,3,16,0,2,0,0,0,8,0,0,0,1,54
06665-7100M,0,0,0,0,0,1,0,0,0,0,0,0,0,0,1,0,0,0,0,0,0,0,0,0,0,0,0,0,0,1,0,4,0,0,0,0,7
06666-7200M,0,1,2,0,0,0,1,0,0,0,0,0,1,20,10,2,0,2,1,0,3,0,0,10,1,5,11,1,0,0,1,0,0,0,3,2,77
06666-80008,8,6,3,2,0,0,0,0,0,0,0,0,2,2,5,0,1,3,0,1,2,0,13,0,3,7,9,3,0,0,0,8,0,0,0,5,83
06667-35000,3,3,1,0,0,1,0,0,0,0,0,0,0,5,3,2,1,1,0,1,0,0,0,0,4,11,4,2,0,3,1,4,0,0,0,3,53
06667-74000,3,3,2,0,0,1,0,0,0,0,0,1,0,5,3,2,1,1,5,1,0,0,0,0,4,8,4,7,0,0,1,6,0,0,0,3,61
06667-9000M,1,34,8,0,0,2,0,0,0,0,0,0,5,8,34,10,0,0,0,1,0,0,0,0,0,6,17,10,0,0,0,8,0,0,0,6,150
06669-01004,408,1478,694,130,144,142,84,24,12,18,66,208,374,1378,1452,318,78,42,142,74,36,20,470,1090,644,1306,1202,138,64,84,128,48,16,56,90,7138,19796
06669-10000,13,58,32,8,10,3,4,0,0,0,4,4,10,47,117,10,8,6,17,4,12,2,40,20,8,103,163,13,6,2,0,8,0,2,0,2,736
06676-41004,1,2,1,1,0,0,1,0,0,0,0,1,0,5,0,0,1,0,0,0,0,0,0,0,0,4,4,0,1,0,0,0,0,0,0,0,22
06678-3000M,10,20,3,1,2,2,5,0,0,0,0,0,0,5,78,2,0,0,1,1,0,0,6,30,10,19,3,1,0,0,0,0,0,0,0,0,199
06678-42000,0,1,1,0,0,0,0,0,1,0,2,0,5,3,2,3,0,1,1,1,4,0,0,1,3,2,2,1,2,0,1,0,0,2,4,0,43
06683-00008,0,0,0,1,0,0,0,0,0,0,0,0,0,0,0,0,0,0,0,0,0,0,0,0,0,0,0,0,0,0,0,0,0,0,0,0,1
06683-3000M,0,0,0,0,0,0,0,0,0,0,0,0,1,0,0,0,0,0,0,0,0,0,0,0,0,0,0,0,0,0,0,0,0,0,0,0,1
06684-82008,0,0,0,1,0,0,0,0,0,0,0,0,0,0,0,0,0,0,0,0,0,0,0,0,0,0,0,0,0,0,0,0,0,0,0,0,1
06686-0000U,10,0,10,0,2,0,0,0,0,0,0,0,1,2,56,0,0,0,1,0,5,2,0,0,5,5,0,5,0,0,0,0,6,0,0,0,110
06686-1000U,2,0,12,0,2,0,0,0,0,0,0,0,10,3,50,0,0,0,1,0,8,0,0,3,0,17,3,6,0,0,0,0,5,0,6,1,129
06687-0100U,0,1,2,1,5,1,0,0,0,0,0,0,0,1,8,2,2,0,1,0,0,1,0,0,5,1,18,1,0,0,0,4,0,0,1,2,57
06687-1100M,0,0,4,0,0,0,0,0,0,0,0,0,2,0,7,0,0,0,0,0,1,0,0,0,1,0,0,0,0,0,0,4,0,0,0,1,20
06687-2000U,4,0,5,0,0,0,0,0,1,0,0,0,2,0,0,0,0,0,0,0,1,0,4,0,1,1,0,7,0,0,0,4,0,0,0,1,31
06687-43008,1,1,3,0,0,0,0,0,0,0,0,0,0,1,1,1,0,0,0,0,0,0,0,0,3,0,2,0,0,0,0,4,0,0,1,0,18
06687-8300U,0,0,1,0,0,0,1,0,0,0,1,0,0,2,1,0,0,0,0,0,0,0,1,0,3,5,1,0,0,0,0,0,0,0,0,0,16
06687-92008,0,0,1,0,0,0,1,0,0,0,1,0,0,0,0,0,0,0,0,0,0,0,1,0,3,10,0,0,0,0,0,4,0,0,0,0,21
06688-7100M,2,16,9,0,0,0,0,0,0,0,1,0,2,8,42,1,2,2,0,6,0,0,4,4,9,40,16,6,2,2,2,0,1,2,2,10,191
06689-10000,2,8,6,0,2,1,0,0,1,0,1,0,1,5,9,0,1,1,0,2,0,0,0,0,0,16,9,1,1,0,0,0,0,0,0,1,68
06689-2100M,1,1,1,0,0,0,0,0,0,0,0,0,0,2,8,0,1,0,1,1,0,0,0,0,1,10,12,0,0,1,0,0,0,0,1,0,41
06690-0100M,1,1,0,0,0,0,0,0,0,0,0,1,0,0,4,0,0,0,0,0,0,0,0,2,0,0,6,1,0,0,0,1,0,1,0,0,18
06690-12000,1,2,10,0,1,0,2,0,6,1,2,0,0,0,5,0,0,0,0,1,2,0,0,0,4,2,31,0,20,0,1,8,0,0,1,0,100
06690-2200M,0,3,2,0,0,0,2,0,5,1,2,0,0,0,3,0,0,0,0,1,2,0,0,0,2,3,7,0,20,0,1,8,0,0,1,0,63
06690-3000M,66,154,80,11,2,2,7,1,0,7,0,24,73,110,290,37,5,8,0,13,4,0,42,97,84,345,301,54,16,8,7,24,0,17,37,90,2016
06692-3100M,0,2,0,0,0,0,0,0,0,0,0,0,0,0,0,0,0,0,0,0,0,0,2,2,0,2,0,0,0,0,0,0,0,0,0,0,8
06694-17004,42,53,13,8,0,0,0,0,0,8,1,9,2,26,28,0,0,1,5,0,9,0,26,4,9,66,60,7,8,21,18,0,0,0,16,16,456
06694-2100M,14,6,1,0,0,0,0,0,0,0,0,0,4,0,0,0,0,0,0,0,1,0,0,0,0,26,29,0,0,4,0,0,0,0,3,1,89
06694-3200M,1,3,1,0,1,2,0,0,0,0,0,0,0,2,3,0,0,0,0,0,0,0,0,0,0,0,1,0,0,0,0,0,0,0,0,1,15
06694-9200M,94,206,76,19,2,0,10,0,0,5,4,18,112,285,116,4,1,0,33,17,50,10,18,122,135,548,113,0,2,23,25,0,0,13,23,48,2132
06695-0100M,102,220,70,19,2,0,10,0,0,5,4,58,162,253,85,4,1,0,15,11,50,10,16,56,149,495,165,0,1,23,20,0,0,9,15,43,2073
06695-1100M,117,211,53,19,2,2,10,0,1,3,17,42,103,296,134,3,1,0,10,10,50,10,24,64,126,623,246,0,1,15,17,0,2,9,17,42,2280
06695-2000M,134,520,89,24,2,0,20,0,6,9,15,122,138,471,255,33,54,0,60,10,50,11,6,151,87,702,470,50,27,15,27,10,10,7,33,76,3694
06695-73004,0,0,0,0,0,0,0,0,0,0,0,0,0,0,1,0,0,0,0,0,0,0,0,0,0,0,2,0,0,0,0,0,0,0,0,0,3
06696-01000,5,2,3,1,2,0,0,0,0,0,1,2,2,1,3,0,0,0,0,0,1,0,0,1,5,14,1,0,0,0,1,0,0,0,0,3,48
06696-1000M,0,2,10,0,0,0,1,0,0,0,0,2,0,1,3,0,0,0,0,0,2,0,0,0,0,8,5,1,0,0,0,8,0,0,0,0,43
06696-52004,2,0,2,0,0,0,0,0,0,0,0,0,0,0,2,0,0,0,5,0,0,1,0,1,0,2,6,1,1,0,2,0,0,0,0,0,25
06696-74004,8,3,0,0,0,0,0,0,0,0,0,0,2,1,1,3,0,0,0,1,0,0,0,0,5,0,6,2,0,0,0,0,0,0,0,0,32
06697-6500M,26,153,70,3,2,0,7,3,0,2,2,15,16,48,180,19,5,3,12,2,1,3,16,15,21,94,76,21,4,3,6,2,1,1,1,8,841
06698-3300M,20,49,36,12,12,6,5,3,0,0,0,2,2,24,69,20,4,7,9,6,0,3,2,9,10,59,69,16,5,5,4,9,0,0,2,13,492
06698-5100M,0,4,0,4,4,0,2,1,0,0,0,0,0,5,5,6,0,4,2,0,2,0,0,0,0,11,12,7,2,4,0,8,0,0,0,2,85
06698-6000M,62,168,117,2,2,0,6,1,2,0,1,9,55,84,150,22,2,1,0,1,10,5,31,24,43,161,59,8,1,1,0,7,3,5,0,15,1058
06698-7200M,0,0,0,0,0,0,0,0,0,0,0,0,0,2,0,0,0,0,0,0,0,0,0,0,0,0,0,0,0,0,0,8,0,0,0,0,10
06698-8100M,0,22,15,4,8,0,2,0,0,0,1,0,0,8,22,6,2,2,5,0,0,2,0,4,5,37,38,11,3,4,1,8,0,0,3,0,213
06698-9100M,2,16,0,2,4,0,2,0,0,0,0,0,0,5,6,5,0,2,2,0,2,1,0,0,6,9,5,2,2,4,0,8,0,0,0,0,85
06699-0200M,0,9,2,0,4,0,2,0,0,0,0,0,0,2,3,0,0,0,0,0,0,1,0,0,1,8,2,0,4,2,0,8,0,0,0,0,48
06699-1100M,0,0,1,0,0,0,0,0,0,0,0,0,0,0,3,0,0,0,0,0,0,0,0,0,0,0,1,0,0,0,0,4,0,0,0,0,9
06702-92000,79,151,55,9,15,9,11,2,0,8,12,68,88,149,233,23,3,7,2,16,13,9,13,118,138,192,180,51,9,1,2,7,0,10,17,54,1754
06703-0200M,66,122,18,2,13,4,0,0,10,2,0,62,25,69,87,11,3,9,1,9,10,3,14,32,47,206,122,19,2,21,23,7,6,0,4,14,1043
06703-11000,34,117,31,2,0,7,1,1,0,12,6,13,23,80,101,23,4,3,3,5,2,1,11,24,43,114,96,9,2,0,3,2,1,0,20,9,803
06703-2100M,14,33,4,1,1,10,1,1,0,11,2,4,14,32,59,5,1,2,1,3,2,1,25,26,12,65,46,10,3,1,0,12,1,1,12,2,418
06709-04008,22,5,3,1,0,0,0,0,0,1,1,2,0,13,7,1,0,0,0,2,0,0,1,3,5,12,7,8,0,4,2,0,1,0,0,0,101
06709-10000,2,0,0,0,0,0,0,0,0,0,0,0,0,2,0,0,0,0,1,0,0,0,0,0,0,4,1,0,0,1,0,0,0,0,0,0,11
06709-21008,5,29,17,1,0,5,1,0,1,1,3,1,1,9,19,4,2,1,1,1,0,3,1,0,6,38,41,0,1,0,2,0,1,1,0,5,201
06709-31008,0,0,0,0,0,0,0,0,0,0,0,0,0,1,0,0,0,0,0,0,0,0,0,0,0,0,0,0,0,0,0,0,0,0,0,0,1
06709-51008,0,0,2,0,0,0,0,0,0,0,0,0,0,0,0,0,0,0,0,0,0,0,0,0,1,0,0,0,0,0,0,0,0,0,0,0,3
06710-54008,0,0,0,0,0,0,0,0,0,0,0,0,0,0,0,0,0,0,0,0,0,0,0,0,0,1,0,0,1,1,0,0,0,0,0,0,3
06711-6000M,0,0,0,0,0,0,3,0,0,0,0,0,1,0,5,0,0,2,0,0,0,0,0,0,0,10,6,0,0,0,1,4,0,0,0,0,32
06711-8000M,14,14,1,0,0,0,0,0,0,0,0,0,2,0,39,0,0,2,4,0,0,0,2,0,0,16,7,0,0,0,3,8,0,0,0,5,117
06711-9000M,0,1,0,0,0,0,5,0,0,0,0,0,1,1,4,0,0,2,0,0,0,0,0,0,0,12,7,0,0,0,1,4,0,0,0,0,38
06712-0100M,0,0,0,0,0,0,0,0,0,0,0,0,0,0,0,0,0,0,0,0,0,0,0,0,0,0,0,0,0,0,0,4,0,0,0,0,4
06712-2000M,0,0,0,0,0,0,0,0,0,0,0,0,0,10,0,1,0,0,0,0,0,0,0,0,3,0,0,0,0,0,0,0,0,0,0,0,14
06713-6100M,0,0,0,0,0,0,0,0,0,0,0,0,0,2,0,0,0,0,0,0,0,0,0,0,0,0,0,0,1,1,0,0,0,0,0,0,4
06713-82000,2,10,0,0,0,0,1,0,0,1,0,1,2,13,5,2,0,2,3,1,1,0,3,0,1,1,0,0,2,1,0,0,0,0,1,4,57
06713-9100M,0,0,0,0,0,0,0,0,0,0,0,2,0,10,0,2,0,0,0,0,0,0,0,0,0,2,0,0,2,2,0,0,0,0,0,0,20
06715-01008,0,0,0,0,0,0,0,0,0,0,0,0,0,0,0,0,0,0,0,0,0,0,0,1,0,0,1,0,0,0,0,0,0,0,0,0,2
06719-5100U,11,25,17,0,1,11,2,0,0,1,0,0,4,5,28,1,1,0,5,1,0,0,7,4,12,74,51,10,0,7,1,4,0,4,0,3,290
06719-62004,6,36,8,2,1,2,4,0,0,0,2,12,10,18,31,2,4,0,0,2,0,0,0,3,9,29,14,0,2,0,0,0,2,0,0,0,199
06719-8200U,6,7,8,1,0,0,0,0,1,0,0,1,0,21,15,1,0,0,0,2,0,0,3,0,5,9,14,7,0,0,2,4,0,1,1,7,116
06720-3100U,5,47,9,0,1,1,0,0,0,1,0,0,22,14,40,1,1,0,5,1,0,2,3,4,17,46,28,13,0,1,1,4,0,0,0,1,268
06720-4100M,16,17,7,0,3,1,0,0,3,1,8,25,13,23,16,4,2,1,1,0,2,3,4,5,101,54,14,1,1,3,0,0,1,1,5,9,345
06720-81004,0,0,1,0,0,2,0,0,0,0,0,1,0,1,5,0,0,0,1,1,0,0,1,0,1,5,1,1,0,0,0,4,0,0,0,0,25
06721-24000,32,70,16,6,3,6,2,2,3,4,10,24,57,63,39,13,8,3,4,3,1,1,18,26,163,174,46,27,0,7,4,18,4,7,20,28,912
06721-31004,0,0,0,0,0,0,0,0,0,0,0,1,0,1,5,0,0,0,0,0,0,0,0,0,0,2,0,0,0,0,0,0,0,0,0,0,9
06721-43000,50,24,9,4,2,4,1,7,0,1,9,35,42,41,57,4,3,4,1,5,5,0,19,12,141,133,11,33,3,7,7,0,4,2,21,21,722
06721-5100M,0,0,0,0,0,0,0,0,0,0,0,1,0,2,0,0,0,0,0,0,0,0,0,0,2,1,5,0,1,0,0,4,0,0,0,0,16
06721-6200M,15,29,7,5,4,6,1,0,4,1,8,29,16,24,66,10,2,4,2,0,2,3,11,12,119,62,37,22,0,9,4,5,5,6,12,14,556
06722-92004,14,64,18,6,1,4,4,2,1,2,4,16,15,69,89,6,2,1,4,6,1,2,8,21,25,114,92,2,0,2,4,14,0,7,1,12,633
06723-61004,0,0,1,0,0,0,0,0,0,0,0,2,0,0,2,0,0,0,0,0,3,0,0,0,0,2,1,0,1,0,1,4,0,0,0,0,17
06723-70004,0,0,0,0,0,0,0,0,0,0,2,0,0,0,0,0,0,0,0,0,0,0,0,0,0,4,0,2,2,0,0,8,0,0,0,0,18
06723-8200U,0,1,0,0,0,0,0,0,0,0,1,0,0,0,0,0,0,0,0,0,0,0,1,0,1,1,5,0,2,0,0,4,0,0,0,0,16
06723-92004,1,0,2,0,0,0,0,0,0,0,0,0,0,0,0,0,0,0,0,0,0,0,0,0,0,2,1,0,1,0,0,0,0,0,0,5,12
06723-93004,0,0,0,0,0,0,0,0,0,0,0,0,0,0,0,0,0,0,0,0,0,0,0,0,0,1,2,0,1,0,0,4,0,0,0,0,8
06724-01004,0,0,0,0,0,0,0,0,0,0,2,0,0,0,0,0,0,0,0,0,0,0,0,0,0,4,0,0,2,0,0,8,0,2,0,0,18
06724-1000U,0,1,0,0,0,0,0,0,0,0,1,0,0,0,0,0,0,0,0,0,0,0,0,1,0,1,0,0,1,0,0,4,0,0,0,0,9
06724-21004,1,1,0,0,0,0,0,0,0,0,0,0,0,0,0,0,0,0,0,0,0,0,0,0,1,3,1,0,1,0,0,4,0,0,0,5,17
06724-3000U,0,1,2,0,0,0,0,0,0,0,1,0,0,0,0,0,0,0,0,0,0,0,0,0,0,0,0,0,1,0,0,4,0,0,0,0,9
06724-42004,0,0,1,0,0,0,0,0,0,0,0,0,0,0,0,0,0,0,0,0,0,0,0,0,0,3,0,0,1,0,0,8,0,0,0,0,13
06724-91004,0,0,0,0,0,0,0,0,0,0,0,0,0,0,0,2,0,0,0,0,0,0,0,0,0,0,0,0,1,0,0,4,0,0,0,0,7
06725-3400U,63,40,22,12,0,2,3,5,2,2,5,38,61,97,30,32,4,3,6,6,4,0,25,41,153,129,59,29,4,6,6,8,4,12,39,44,996
06725-4200M,13,47,4,8,0,2,0,2,2,1,9,33,31,41,25,9,2,2,1,10,4,2,8,21,132,54,37,26,4,3,4,9,10,10,21,31,618
06726-52004,0,0,0,0,0,0,0,0,0,0,0,0,0,0,0,0,0,0,0,0,0,0,0,0,0,2,0,0,1,1,0,4,0,0,0,0,8
06726-60004,0,0,0,0,0,0,1,0,0,0,0,0,0,2,1,2,0,0,0,0,0,0,0,0,0,2,3,1,1,0,0,4,0,0,0,0,17
06730-5000M,114,318,88,4,3,2,20,0,2,0,5,1,43,87,124,1,4,5,12,1,1,0,15,5,82,106,24,11,1,11,1,0,0,0,3,10,1104
06730-6100M,0,0,0,0,0,0,0,0,0,0,0,0,0,0,2,0,0,0,0,0,0,0,0,0,1,0,1,0,0,0,0,0,0,0,0,0,4
06730-7300M,0,0,0,0,0,0,0,0,0,0,0,0,0,1,2,0,0,0,0,0,0,0,0,0,1,0,1,0,0,0,0,0,0,0,0,0,5
06731-4000M,0,0,0,0,0,0,0,0,0,0,0,0,1,0,0,0,0,0,0,0,0,0,0,0,0,0,1,0,0,0,0,0,0,0,0,0,2
06732-15004,1,2,1,0,0,0,0,0,0,0,0,0,0,1,0,0,0,0,0,0,0,0,1,1,0,1,1,1,0,0,0,0,0,0,0,1,11
06733-21004,106,196,51,13,0,13,0,15,4,4,12,56,106,211,92,34,0,12,18,15,19,9,35,89,251,353,318,41,11,21,19,19,14,36,22,133,2348
06733-41004,15,9,1,0,1,0,1,0,0,0,0,0,5,9,8,0,1,0,0,0,0,0,0,0,9,16,7,1,0,0,4,2,1,1,1,8,100
06733-61004,14,18,6,0,0,0,0,0,0,0,0,1,6,15,5,0,0,0,0,0,0,11,2,4,5,22,11,0,0,0,2,0,1,2,2,4,131
06733-73004,0,3,0,0,0,0,0,0,0,0,0,1,0,1,1,0,0,0,0,0,0,0,1,0,0,4,1,0,0,0,0,1,0,0,0,0,13
06733-85004,1,3,1,0,0,1,0,0,0,0,0,0,0,2,1,0,0,0,0,0,0,0,1,1,1,4,2,2,0,0,1,0,0,1,0,1,23
06733-92004,0,0,0,0,0,0,0,0,0,0,0,0,0,1,0,0,0,0,0,0,0,0,0,0,1,1,1,1,0,0,0,0,0,0,0,0,5
06734-12006,32,26,19,1,0,4,3,0,0,0,1,2,38,24,34,0,0,0,0,1,0,10,5,1,12,70,8,0,0,1,1,4,0,5,3,13,318
06742-6100M,0,0,0,0,0,0,0,0,0,0,0,0,0,0,0,0,0,0,0,0,0,0,0,0,0,0,0,0,0,0,0,4,0,0,0,0,4
06793-1100M,0,0,3,0,0,0,0,0,0,0,0,0,0,2,0,2,0,0,0,0,2,0,0,10,0,0,0,0,0,0,0,4,3,0,2,2,30
06831-20004,0,0,0,0,0,0,0,0,0,0,0,0,0,1,0,0,0,0,0,0,0,0,0,0,1,1,1,0,0,0,1,0,0,0,0,0,5
06831-7000M,8,6,2,0,0,0,1,0,0,1,0,1,1,13,11,2,1,0,2,0,0,1,0,1,2,2,7,0,0,0,1,4,0,0,0,2,69
06831-8000M,2,18,1,0,0,0,0,0,0,0,0,0,2,2,1,1,0,0,1,0,0,0,0,0,4,3,4,5,0,1,0,5,0,0,0,0,50
06832-14008,0,0,1,0,0,0,0,0,0,0,0,1,0,0,0,0,0,0,0,0,0,0,1,0,1,2,1,0,0,0,0,0,0,0,0,0,7
07095-8000M,1,14,1,0,3,0,0,0,0,1,0,0,0,4,33,3,0,0,0,1,0,0,0,0,0,3,6,9,0,1,1,4,0,0,0,1,86
07095-9000M,1,13,1,0,0,0,0,0,0,1,0,0,0,8,37,2,0,0,0,1,0,0,0,0,0,7,2,3,0,1,1,4,0,0,0,1,83
07100-34000,14,14,13,0,0,3,0,0,0,0,0,0,7,5,21,1,0,0,0,0,0,0,0,0,6,17,9,6,1,0,0,0,0,0,0,0,117
07100-5100U,0,0,1,0,0,1,0,0,0,0,0,0,0,0,0,0,0,0,0,0,0,0,0,0,0,0,1,1,0,0,0,0,0,0,0,0,4
07106-70000,0,0,1,0,0,0,0,0,0,0,0,0,0,1,0,0,0,0,0,0,0,0,0,0,0,1,0,0,0,0,0,0,0,0,0,0,3
07113-7400M,0,0,0,0,0,0,0,0,0,0,0,0,0,1,0,0,0,0,0,0,0,0,0,0,0,0,0,0,0,0,0,4,0,0,0,0,5
07171-3300U,0,0,1,1,0,0,0,0,0,0,0,1,1,1,4,1,0,0,0,0,0,0,0,1,0,5,1,1,0,0,0,0,0,1,0,0,19
07171-94008,6,0,11,1,1,0,1,2,0,0,0,0,5,4,22,1,1,1,0,2,1,0,0,1,8,13,22,1,0,0,0,1,0,0,1,1,107
07172-01008,0,0,0,0,0,0,0,0,0,0,0,0,0,2,2,1,0,1,1,0,0,0,1,0,2,0,0,0,0,0,0,0,0,0,0,1,11
07172-10008,0,0,10,0,0,0,0,0,0,0,0,0,0,2,0,0,0,0,1,0,0,0,0,0,0,0,0,3,0,0,0,4,0,0,0,1,21
07172-22008,0,0,3,0,0,0,0,0,0,0,0,0,3,0,0,0,0,0,0,0,0,0,0,0,0,0,0,0,0,0,0,0,0,0,0,0,6
07172-41008,0,7,5,0,0,0,1,0,0,0,0,0,0,1,2,0,0,0,0,0,0,0,0,0,0,0,2,0,0,0,0,0,0,0,0,1,19
07172-52008,2,2,8,0,1,1,1,0,0,1,0,0,1,4,2,2,0,0,2,0,0,0,0,0,3,6,12,3,1,1,0,5,0,1,5,1,65
07172-93004,3,5,6,1,1,1,0,0,1,0,1,7,5,4,9,3,2,0,0,1,0,0,3,2,6,14,17,2,1,0,1,0,1,0,1,2,100
07173-01000,19,19,27,5,2,2,9,0,1,1,5,10,12,46,64,5,3,12,1,1,4,0,12,8,50,39,44,6,8,5,0,1,0,1,6,3,431
07173-1100U,64,206,79,20,9,2,35,4,10,0,3,6,25,77,175,13,15,3,3,0,15,3,8,11,90,131,125,7,9,6,7,3,4,0,0,20,1188
07173-22008,5,20,4,2,3,1,1,1,1,1,1,2,3,8,50,0,2,11,2,1,3,0,2,2,6,29,22,4,1,2,0,5,0,1,0,12,208
07173-35008,2,0,0,0,0,0,0,0,0,0,0,1,0,1,2,1,0,0,0,0,0,0,0,1,0,1,0,2,0,0,1,0,0,0,0,0,12
07173-52008,0,0,0,0,0,0,0,0,0,0,0,1,0,0,1,0,0,0,0,0,0,0,0,0,0,1,0,0,0,0,0,0,0,0,0,1,4
07173-62008,1,0,2,0,0,0,0,0,0,0,0,2,5,0,1,1,1,0,0,0,0,0,0,0,0,4,1,4,0,0,0,0,0,0,0,1,23
07173-81008,3,6,2,0,0,0,0,0,0,1,0,6,1,6,7,1,0,0,1,0,0,0,0,0,13,5,4,5,0,0,0,0,0,0,0,1,62
07173-90008,0,1,1,0,0,0,0,0,0,0,0,0,6,1,0,1,0,0,0,0,0,0,0,1,3,0,0,1,0,0,0,0,0,0,0,1,16
07174-00008,8,5,6,0,0,0,0,0,0,0,0,0,2,0,0,0,0,0,10,0,1,0,0,1,0,22,0,10,0,0,0,4,0,0,0,1,70
07174-12008,0,0,2,0,0,0,0,0,0,0,0,0,0,0,0,0,0,0,0,0,0,0,0,0,0,1,0,2,0,2,0,0,0,0,0,1,8
07174-2000U,0,0,3,0,1,0,0,0,0,0,0,0,0,1,1,1,0,0,2,0,1,0,4,0,0,1,2,3,0,0,0,0,0,0,0,0,20
07174-34008,11,57,33,5,5,4,2,1,0,0,1,2,16,46,73,9,6,2,3,4,2,1,6,26,4,42,47,10,1,1,0,0,0,2,4,9,435
07174-5200M,0,0,1,0,0,0,1,0,0,0,0,0,0,0,3,0,0,0,0,0,0,0,0,1,0,0,11,0,0,0,0,0,0,0,0,0,17
07174-6700M,0,9,0,2,0,0,0,0,0,0,0,0,0,0,1,2,0,0,0,0,0,0,0,0,0,0,1,0,0,0,0,0,0,0,0,0,15
07174-7000M,0,1,5,1,0,0,0,0,0,0,0,0,0,0,0,0,0,0,0,0,0,0,1,0,0,0,1,0,0,0,0,0,0,0,0,0,9
07174-91008,1,0,3,0,0,0,0,0,0,0,0,0,10,0,0,0,0,0,0,0,0,0,0,1,0,0,1,2,0,0,0,4,0,0,0,1,23
07175-02000,0,0,0,0,0,0,0,0,0,0,0,0,0,0,0,0,0,0,0,0,0,0,0,0,0,0,0,0,0,0,0,0,0,0,0,1,1
07175-11008,0,4,7,0,1,1,2,2,0,0,1,2,1,4,17,5,2,1,1,1,0,0,0,0,1,24,27,4,2,0,1,4,1,0,1,1,118
07175-32008,13,64,26,2,2,1,9,1,2,1,5,4,13,30,36,2,7,3,2,2,2,1,12,7,20,56,30,8,4,1,3,2,1,2,2,13,389
07175-4100M,0,9,2,0,0,0,0,0,0,0,0,2,0,3,0,0,0,0,0,1,0,0,1,0,0,7,1,2,0,0,0,0,0,0,1,0,29
07175-5300M,0,0,4,0,0,0,0,0,0,0,0,0,0,2,2,0,0,0,0,2,0,0,0,0,0,5,2,2,0,0,0,0,0,0,2,0,21
07176-25008,0,0,1,1,0,0,0,0,0,0,1,0,2,1,0,0,1,1,0,0,0,0,0,0,0,4,2,6,1,0,0,0,0,0,0,0,21
07176-3000M,5,2,8,0,0,0,0,0,0,0,0,0,5,9,19,1,0,0,0,0,0,0,0,0,6,5,11,0,0,0,0,0,0,0,0,5,76
07176-70008,0,0,0,0,0,0,0,0,0,0,0,0,0,0,1,0,0,0,0,0,0,0,0,0,0,0,0,0,0,0,0,0,0,0,0,0,1
07176-9000M,0,0,2,0,0,0,0,0,0,0,0,0,5,5,1,0,0,0,0,0,1,0,2,0,10,0,0,0,1,0,0,0,0,0,0,0,27
07177-00000,114,183,68,20,14,6,8,7,0,18,28,61,297,222,122,58,41,10,6,11,8,3,45,137,252,433,172,76,26,20,15,23,11,36,90,87,2728
07177-21008,0,0,0,0,1,0,0,0,0,0,0,1,0,0,0,1,0,0,0,1,0,0,1,0,0,1,0,1,0,1,0,0,0,0,0,0,8
07177-59008,0,0,0,0,0,0,0,0,0,0,0,0,0,0,0,0,0,0,0,0,0,0,0,0,0,0,0,0,0,0,0,0,0,0,0,1,1
07177-8000M,0,0,0,0,0,0,0,0,0,0,0,0,0,0,0,0,0,0,0,2,0,0,0,0,0,0,0,0,0,0,0,0,0,0,0,0,2
07177-94008,1,0,0,1,0,0,0,0,0,0,0,0,0,0,0,0,0,0,0,0,0,0,0,0,0,0,0,0,0,0,0,0,0,0,0,0,2
07178-05008,0,0,0,0,0,0,0,0,0,0,0,0,0,0,0,0,0,0,0,0,0,0,0,0,0,1,0,0,0,0,0,0,0,0,0,0,1
07178-73008,0,0,0,0,0,0,0,0,0,0,0,0,0,0,0,0,0,0,0,0,0,0,0,0,0,1,0,0,1,0,0,0,0,0,0,0,2
07182-2000M,0,6,0,0,0,0,0,0,0,0,0,0,0,4,18,2,0,1,0,0,0,0,5,0,7,0,1,0,0,0,0,10,0,0,0,0,54
07183-14008,18,30,18,2,2,2,1,2,1,3,3,4,4,27,41,4,4,4,0,2,0,2,8,4,16,34,42,16,2,1,11,1,0,1,4,4,318
07183-6400M,10,3,6,0,0,0,0,0,0,1,0,1,3,8,16,1,1,0,2,1,0,0,0,2,1,8,47,0,0,0,1,4,0,0,3,1,120
07183-72008,0,0,0,0,0,0,0,0,0,0,0,0,0,2,2,5,0,0,0,0,0,0,0,0,0,3,1,0,0,1,0,0,0,0,0,0,14
07184-0100M,0,1,0,0,0,0,0,0,0,0,0,0,0,0,1,0,0,0,0,0,0,0,0,0,0,2,0,0,0,0,0,0,0,1,0,1,6
07184-1100M,1,1,1,1,0,0,0,0,0,0,0,0,0,0,1,0,0,0,1,0,0,0,0,0,2,3,0,0,0,0,0,4,0,0,0,1,16
07184-2100M,0,0,0,0,0,0,0,0,0,0,0,0,0,0,0,0,0,0,0,0,0,0,0,0,1,0,0,0,0,0,0,4,0,0,0,0,5
07213-2000M,0,0,0,0,0,0,0,0,0,0,0,0,0,0,0,0,0,0,0,0,0,0,0,0,1,0,0,0,0,0,0,0,0,0,0,0,1
07213-3100M,2,2,0,0,0,1,0,0,1,0,0,0,0,1,1,0,0,0,0,1,0,0,1,3,0,0,1,0,0,0,0,0,0,0,0,0,14
07214-81004,4,6,2,1,0,0,0,0,1,0,0,1,0,6,3,2,0,0,0,1,0,0,1,0,0,3,3,3,0,0,1,0,0,0,0,1,39
07215-01004,0,6,2,1,0,0,0,0,0,0,0,1,1,1,4,0,0,0,0,0,0,0,2,0,1,2,2,0,0,0,1,4,0,0,1,0,29
07219-7100U,1,1,0,0,0,0,0,0,0,0,0,0,2,2,6,2,0,0,6,0,0,0,0,0,0,2,3,0,0,0,1,0,0,0,0,4,30
07219-8100U,1,1,3,0,0,0,0,0,0,0,0,0,2,1,0,0,0,0,0,0,0,0,0,0,0,1,2,0,0,0,2,0,0,0,0,4,17
07233-3000U,5,20,1,1,3,10,0,1,0,0,0,12,4,7,45,2,0,5,0,0,0,0,9,8,5,50,31,27,0,9,8,2,3,0,0,6,274
07233-8100M,0,0,0,0,0,0,0,0,0,0,0,0,0,0,0,0,0,0,0,0,0,0,0,0,0,0,0,0,0,0,0,4,0,0,0,0,4
07234-3100M,1,0,0,0,0,0,0,0,0,0,0,0,0,0,0,0,0,0,0,1,1,0,1,2,0,1,1,0,0,0,0,0,0,0,2,0,10
07244-11000,0,0,0,0,0,0,0,0,0,0,0,0,0,0,0,0,0,4,0,4,0,8,0,0,0,0,0,0,0,8,0,0,0,0,0,0,24
07262-21004,1,0,0,0,0,0,0,0,0,0,0,0,0,0,0,0,0,1,0,0,0,0,0,0,0,0,0,1,0,0,0,1,1,1,0,1,7
07263-5400M,0,0,0,0,0,0,0,0,0,0,0,0,0,1,0,0,0,0,0,0,0,0,0,0,0,0,0,0,0,0,0,0,0,0,0,0,1
07272-13004,29,50,10,2,1,2,2,2,1,1,3,13,11,46,59,4,4,1,0,5,0,0,1,8,7,43,36,0,0,0,3,0,0,0,1,2,347
07296-8100M,0,0,0,0,0,0,0,0,0,0,0,0,0,0,0,0,0,0,0,0,0,0,0,0,0,2,0,0,0,0,0,4,0,1,0,0,7
07362-4200M,2,36,10,2,4,0,2,0,0,0,0,0,0,5,1,3,0,4,0,0,0,1,0,0,4,8,17,4,5,4,0,0,0,0,0,0,112
07362-4300Y,0,0,0,0,0,0,0,0,0,0,0,0,0,0,0,0,0,0,2,0,0,0,0,0,0,0,1,0,0,0,0,0,0,0,0,0,3
07443-34000,0,0,0,1,0,0,1,1,0,0,0,1,0,2,0,0,0,0,0,4,2,1,0,3,0,1,0,0,2,0,0,2,1,1,0,1,24
07473-8000M,0,0,0,0,0,0,0,0,0,0,0,0,0,0,0,0,0,0,0,0,0,0,0,2,0,0,0,0,0,0,0,0,0,0,0,0,2
07598-9000M,0,0,0,0,0,0,0,0,0,0,0,0,0,0,5,0,0,0,0,0,0,0,0,0,0,3,0,0,0,0,0,0,0,0,0,0,8
07599-0000M,0,0,0,0,0,0,0,0,0,0,0,0,0,0,1,0,0,0,0,0,0,0,0,0,0,0,0,0,0,0,0,0,0,0,0,0,1
07599-1000M,3,1,1,0,0,0,0,0,0,0,0,1,0,5,7,0,0,0,0,0,0,0,0,0,0,0,4,1,1,0,0,0,0,0,0,0,24
07793-4200M,0,0,1,2,0,1,0,0,0,0,0,0,0,0,0,0,0,0,1,0,0,0,1,3,0,0,0,1,0,0,0,0,0,1,0,0,11
07802-5000M,0,0,0,0,0,0,0,0,0,0,0,0,0,0,0,0,0,0,0,0,0,0,0,0,0,10,0,0,0,1,0,4,0,0,0,0,15
07847-2000U,7,14,15,4,1,1,3,0,0,4,4,3,3,24,18,8,1,5,3,2,4,2,0,1,3,12,29,6,3,4,2,0,0,2,1,4,193
07847-3000U,4,15,13,4,0,1,3,0,0,3,2,3,1,27,12,7,1,3,2,3,4,2,0,1,1,16,24,7,4,3,1,0,0,2,2,2,173
08041-4100M,0,2,0,0,0,0,0,0,0,0,0,0,0,1,2,0,2,0,0,0,0,0,0,0,0,2,0,0,0,0,0,0,0,0,0,0,9
08092-5000M,0,0,0,0,0,1,0,0,0,0,0,0,0,0,0,0,0,0,0,0,0,0,0,0,0,2,0,0,0,0,0,0,0,0,1,0,4
08126-7000M,12,26,45,2,6,1,2,1,0,1,1,5,2,20,59,12,8,0,11,1,3,1,3,5,15,63,56,6,2,0,2,0,10,2,1,2,386
08141-06204,82,0,0,0,0,0,0,0,0,0,0,0,0,0,0,0,0,0,0,0,0,0,0,0,0,0,0,0,0,0,0,0,0,0,0,0,82
08229-60000,0,0,1,0,0,0,0,0,3,1,0,2,0,0,0,1,0,0,1,0,0,4,0,0,0,0,0,1,3,0,0,0,0,2,0,0,19
08288-2000U,0,0,0,0,0,0,0,0,0,0,0,0,0,5,0,0,0,0,0,0,0,0,0,1,0,5,0,0,0,5,0,0,0,0,0,0,16
08722-5100M,0,0,10,0,0,0,1,0,0,0,0,0,0,0,0,0,0,0,0,0,0,0,0,0,0,0,13,0,1,0,0,8,0,0,0,0,33
08830-0100M,0,1,1,0,0,1,1,0,0,0,0,0,3,2,2,0,0,0,0,0,0,0,0,0,0,1,2,0,0,1,1,0,0,1,1,0,18
09007-91000,25,181,89,16,7,3,8,5,0,1,6,58,53,120,165,19,5,10,11,4,4,6,14,6,73,319,163,41,2,8,7,5,9,4,12,10,1469
09096-71004,3,9,4,0,0,1,0,0,0,0,0,3,3,6,12,4,2,1,4,1,0,0,0,2,3,13,10,4,3,0,1,0,0,0,4,1,94
09108-9100U,0,1,0,0,0,0,0,0,0,0,0,0,0,0,0,0,0,0,0,0,0,0,0,0,0,0,0,0,0,0,0,0,0,0,0,0,1
09109-01000,1,15,0,0,0,0,0,0,0,0,0,0,0,0,2,0,0,0,0,0,0,0,0,0,0,0,0,0,0,0,0,0,0,0,0,0,18
09109-1000M,0,2,0,0,0,0,0,0,0,0,0,0,0,0,0,0,0,0,0,0,0,0,0,0,0,0,0,0,0,0,0,0,0,0,0,0,2
09109-70008,0,0,0,0,0,0,0,0,0,0,0,0,0,0,0,0,0,0,0,0,0,0,0,0,0,1,0,0,0,0,0,0,0,0,0,0,1
09109-83008,0,0,0,1,0,0,0,0,0,0,0,0,0,1,0,0,0,0,0,0,0,0,0,0,0,1,1,0,1,0,0,0,0,0,0,0,5
09110-20004,3,20,22,5,1,2,2,0,3,1,7,7,14,18,32,7,4,7,3,3,3,0,2,7,19,47,39,12,3,2,3,1,5,0,6,6,316
09110-81004,1,12,5,1,0,1,1,0,0,0,1,3,7,14,8,5,1,0,1,3,3,0,3,11,15,23,19,6,2,3,2,0,0,1,2,3,157
09111-01008,0,0,0,0,0,0,0,0,0,0,0,0,0,0,2,0,0,0,0,0,0,0,0,0,0,2,0,0,0,0,0,0,0,0,0,0,4
09202-34008,0,0,0,0,0,0,0,0,0,0,0,0,0,0,0,0,0,0,0,0,0,0,0,1,0,0,0,0,0,0,0,0,0,0,0,0,1
09202-41008,3,4,0,1,1,1,1,0,0,0,0,4,1,0,0,0,0,0,0,0,0,0,0,0,0,0,0,0,0,0,0,0,0,0,0,0,16
09231-41004,1,0,0,0,0,0,0,0,0,2,0,0,0,0,0,0,0,1,0,0,0,0,0,0,0,0,1,0,1,0,0,1,1,1,0,0,9
09233-3200M,0,0,0,0,0,0,0,0,0,0,0,0,0,0,0,0,0,0,0,0,0,0,0,1,0,0,0,0,0,0,0,0,0,0,0,0,1
09363-4100M,0,0,0,0,0,0,0,0,0,0,0,0,0,0,0,0,0,0,0,0,0,0,0,0,0,0,0,0,0,0,0,0,0,0,0,1,1
09375-4000M,0,0,0,0,0,0,0,0,0,0,0,0,0,0,0,0,0,0,0,0,0,0,0,1,0,0,1,0,0,0,0,0,0,0,0,0,2
09463-1100M,0,10,1,0,0,0,0,0,0,0,0,0,3,3,16,14,0,0,0,0,0,0,3,13,2,66,44,2,0,4,0,0,0,5,1,0,187
09875-3000M,0,2,0,0,0,0,0,0,0,0,0,0,0,0,1,0,0,0,0,0,0,0,0,0,0,0,0,0,0,0,0,0,0,0,0,0,3
10285-22008,0,1,0,0,0,0,0,0,0,0,0,0,0,0,0,0,0,0,0,0,0,0,0,0,0,1,0,0,0,0,0,0,0,0,0,0,2
10329-9000U,0,0,0,0,0,0,0,0,0,0,0,0,0,8,0,0,0,0,0,0,0,0,0,2,0,0,0,8,0,0,0,32,0,0,0,0,50
11130-4000M,1,0,0,0,0,1,1,0,0,0,0,0,0,1,0,0,0,0,0,0,0,0,0,1,0,0,0,0,0,0,0,0,0,0,0,0,5
11814-90000,0,3,0,1,0,0,0,0,0,0,0,1,0,5,9,20,0,0,0,0,10,0,0,5,0,26,44,3,0,0,1,1,0,4,0,11,144
11969-20004,1,0,0,0,0,0,0,0,0,0,0,0,0,0,0,0,1,0,0,0,0,0,0,0,0,0,0,1,0,0,0,2,0,0,0,0,5
11969-30002,1,0,0,0,0,0,0,0,1,1,0,0,0,0,0,0,0,1,0,0,0,0,0,0,0,0,1,0,1,1,0,2,1,0,1,0,11
12173-90004,0,0,0,0,0,1,1,0,0,0,0,0,0,0,0,0,0,0,0,0,0,0,0,0,0,0,0,0,0,0,0,0,0,0,0,0,2
12174-10004,0,0,0,0,0,1,1,0,0,0,0,0,0,0,0,0,0,0,0,0,0,0,0,0,0,0,0,0,0,0,0,0,0,0,0,0,2
12683-3200M,0,0,0,0,0,0,0,0,0,0,0,0,0,0,0,0,0,0,0,0,0,0,0,1,0,0,0,0,0,0,0,0,0,0,0,0,1
12894-60020,0,1,0,0,0,0,0,0,0,0,0,0,1,1,0,0,0,0,0,0,0,0,0,0,0,0,0,0,1,0,0,0,0,0,0,0,4
12894-60030,1,0,6,0,0,0,0,0,1,0,0,0,2,0,13,20,0,0,1,0,0,0,1,0,1,0,3,0,0,0,0,0,0,0,0,0,49
12894-60040,20,49,46,14,0,2,2,4,2,6,0,5,0,0,0,0,0,0,0,2,0,0,0,0,0,0,0,0,0,0,0,0,0,0,0,0,152
12894-60090,0,4,2,0,0,0,0,0,0,0,0,0,0,0,0,0,0,0,0,0,0,0,0,0,0,0,0,0,0,0,0,0,0,0,0,0,6
12894-60120,0,22,0,0,0,0,0,0,0,0,0,0,0,0,0,0,0,0,0,0,0,0,0,0,0,0,0,0,0,0,0,0,0,0,0,0,22
13019-31004,2,2,12,1,0,2,2,0,2,0,6,4,22,12,6,11,0,4,4,2,2,2,2,7,28,33,8,6,8,3,5,4,0,8,14,4,228
14282-7000M,1,0,0,0,1,0,0,0,0,1,0,0,0,1,0,0,0,1,0,0,0,2,0,1,0,0,1,0,1,0,0,1,0,1,0,1,13
14292-8000M,0,0,1,0,0,0,0,0,0,0,0,0,1,0,0,0,0,0,0,0,0,0,0,1,0,0,0,0,0,0,0,0,1,0,0,0,4
14518-40004,0,1,2,0,0,1,0,0,0,0,0,0,0,0,1,0,0,0,0,0,0,0,0,0,0,5,2,0,0,0,0,0,0,0,0,0,12
14520-01008,0,0,0,0,0,0,0,0,0,0,0,0,0,0,0,0,0,0,0,0,0,0,0,0,0,0,0,0,0,0,0,0,0,0,0,1,1
14520-81004,1,0,2,0,0,0,0,0,0,0,0,1,0,1,0,0,0,0,0,1,0,0,1,1,1,1,3,1,0,0,0,0,0,1,0,0,15
14521-1000M,2,3,1,0,0,0,0,0,0,0,0,0,0,1,1,1,2,0,0,0,0,0,1,2,3,5,3,0,0,1,1,0,0,0,0,1,28
14521-32008,0,0,0,0,0,0,0,0,0,0,0,0,0,0,0,0,0,0,0,0,0,0,0,0,0,1,0,0,0,0,0,0,0,0,0,0,1
14521-4000M,0,0,0,0,0,0,0,0,0,0,0,0,0,0,0,0,0,0,0,0,0,0,1,0,0,0,0,0,0,0,0,0,0,0,0,0,1
14521-6100M,0,0,0,0,0,0,0,0,0,0,0,0,0,0,0,0,0,0,0,0,0,0,0,0,0,0,0,0,1,0,0,0,0,0,0,0,1
14522-00008,0,0,0,0,0,0,0,0,0,0,0,0,0,0,0,0,0,0,0,0,0,0,0,0,0,0,0,2,0,0,0,0,0,0,0,0,2
14522-3100M,1,28,3,0,0,2,2,0,0,0,2,1,4,9,7,3,0,2,4,0,0,0,0,0,6,20,4,4,0,0,3,0,0,0,0,7,112
14522-51006,16,31,19,0,0,6,8,0,0,1,9,4,13,20,15,7,0,6,2,0,2,0,0,2,14,44,16,11,2,2,4,8,0,0,0,8,270
14522-6000M,1,7,0,2,0,2,4,0,0,0,1,1,3,10,4,4,1,2,4,0,0,0,0,0,5,18,6,5,2,0,1,10,0,0,0,4,97
14522-70004,0,0,0,0,0,0,0,0,0,0,0,0,0,0,0,0,0,0,0,0,0,0,0,0,0,0,1,0,0,0,0,0,0,0,0,0,1
14524-81008,0,0,0,0,0,0,0,0,0,0,0,0,0,0,0,0,0,0,0,0,0,0,0,0,0,2,0,0,0,0,0,0,0,0,0,0,2
14525-10008,0,0,0,0,0,0,0,0,0,0,0,0,0,0,0,0,0,0,0,0,0,0,0,0,0,1,0,0,0,0,0,0,0,0,0,0,1
14526-50004,0,0,0,0,0,0,0,0,0,0,0,0,2,0,1,0,0,0,0,0,0,0,0,0,1,0,1,0,0,0,0,4,0,0,0,0,9
14526-7000M,31,42,21,0,4,5,1,0,0,0,0,0,34,19,83,6,0,0,0,0,5,0,1,12,40,28,1,2,0,2,0,4,0,5,0,5,351
14533-10000,1,0,0,0,0,1,1,0,0,0,0,0,0,0,0,0,0,0,0,0,0,0,0,0,0,1,0,0,0,0,0,0,0,0,0,0,4
14533-40002,0,10,15,4,2,0,0,2,0,1,3,2,1,9,32,1,2,2,0,1,0,0,2,3,7,17,24,6,1,0,1,10,1,1,0,3,163
14536-40000,0,0,0,0,0,0,0,0,0,0,0,0,0,0,0,0,0,0,0,0,0,0,0,0,0,0,0,1,0,0,0,0,0,0,0,0,1
14543-00000,0,0,0,0,0,1,0,0,0,0,0,0,1,0,0,0,0,0,0,0,0,0,2,0,0,0,0,0,0,0,0,0,0,0,0,0,4
14543-30006,93,180,50,10,8,15,3,0,0,2,10,22,69,155,130,7,3,10,5,10,2,12,14,64,72,181,67,12,1,1,14,0,4,8,8,41,1283
14543-40006,86,189,57,8,10,12,7,1,1,2,13,14,69,166,152,12,3,9,11,12,8,6,10,77,104,225,152,28,1,6,26,5,10,22,23,68,1605
14543-60008,0,1,1,0,0,0,0,0,0,1,0,0,0,1,1,0,0,0,0,1,0,0,0,0,0,1,0,0,0,0,0,0,0,0,0,1,8
14543-80008,0,3,7,0,0,0,0,0,0,1,0,0,1,12,1,1,0,0,0,1,0,0,0,0,0,1,5,0,1,0,0,0,1,0,0,1,36
14544-1ASY8,2,2,2,0,0,1,0,0,0,0,0,0,0,1,2,0,0,0,0,0,0,0,0,0,1,2,0,1,0,0,0,0,0,0,0,0,14
14544-90000,760,1286,578,184,104,74,72,30,34,94,204,126,796,932,1344,142,46,32,52,70,126,64,256,1110,1078,1712,954,234,48,190,64,188,92,110,166,466,13818
14545-0000M,127,218,111,9,18,46,26,2,2,21,17,54,35,178,198,67,10,13,4,18,6,0,62,63,140,448,241,57,4,39,8,10,4,6,24,54,2340
14591-50008,0,0,0,0,0,0,0,0,0,0,0,0,0,0,0,0,0,0,0,1,0,0,0,0,0,0,0,0,0,0,0,0,0,0,0,0,1
14591-6000M,0,0,0,0,0,0,0,0,0,0,0,0,0,0,0,0,0,0,0,0,0,0,0,0,1,1,0,0,0,0,0,4,0,0,0,0,6
14592-50008,0,0,0,0,0,0,0,0,0,0,0,0,0,1,0,0,0,0,0,0,0,0,0,0,0,0,0,0,0,0,0,0,0,0,0,0,1
14592-60008,0,0,0,0,0,0,0,0,0,0,0,0,0,2,0,0,0,0,0,0,0,0,0,0,0,0,0,0,0,0,0,0,0,0,0,0,2
14628-90006,0,0,0,0,0,0,0,0,0,0,0,0,0,3,0,0,0,0,0,0,0,0,0,0,0,0,0,0,0,0,0,0,0,0,0,0,3
14630-60004,0,0,0,0,0,0,0,0,0,0,0,0,0,1,0,0,0,0,0,0,0,0,0,0,0,0,0,0,0,0,0,0,0,0,0,0,1
14630-91004,0,1,0,0,0,0,0,0,0,0,0,0,0,0,0,0,0,0,0,0,0,0,0,0,0,0,1,0,0,0,0,4,0,0,0,0,6
14631-1000M,0,1,0,0,0,0,0,0,0,0,0,0,0,0,0,0,0,0,0,0,0,0,0,0,0,1,0,0,0,0,0,0,0,0,0,1,3
14631-60000,5,6,1,0,0,0,0,0,0,0,0,0,0,1,4,0,0,0,0,0,0,0,0,0,0,1,1,0,0,0,0,4,0,0,0,0,23
14631-60050,0,0,0,0,0,0,0,0,0,0,0,0,0,0,0,0,0,0,0,0,0,0,0,0,0,10,0,0,0,0,0,0,0,0,0,0,10
14631-60060,0,0,0,0,0,0,0,0,0,0,0,0,0,0,0,0,0,0,0,0,0,0,0,0,0,2,0,0,0,0,0,0,0,0,0,0,2
14647-2100M,0,4,0,0,16,4,4,2,0,0,0,21,0,8,14,12,4,0,0,0,4,0,10,10,10,50,9,20,0,4,4,8,0,0,0,0,218
14882-80008,1,4,1,0,0,0,0,0,1,1,0,0,1,3,7,1,0,1,0,1,1,0,0,1,6,12,6,0,0,0,0,0,0,0,0,4,52
14883-00000,0,0,0,0,0,0,0,0,0,1,0,0,0,0,2,0,0,0,0,0,0,0,0,0,0,3,2,0,0,0,0,0,0,0,0,0,8
14888-50000,1,0,0,1,0,0,0,0,0,0,0,0,0,0,0,0,0,0,0,0,0,0,0,0,0,0,0,0,0,0,0,2,0,1,0,1,6
14904-90000,0,0,0,0,0,0,0,0,0,0,0,0,0,0,0,0,0,0,1,0,0,2,0,0,0,0,0,0,0,0,0,0,0,0,0,1,4
14905-00000,0,0,0,0,0,0,0,0,0,0,0,0,0,0,0,0,0,0,1,0,0,1,0,0,0,0,0,0,0,0,0,0,0,0,0,0,2
14905-10000,0,0,0,0,0,0,0,0,0,0,0,0,0,0,0,0,0,0,0,0,0,1,0,0,0,0,0,0,0,0,0,0,0,0,0,0,1
14905-20000,2,0,0,0,0,0,0,0,0,0,0,0,0,0,1,0,0,0,1,0,1,0,0,2,0,0,0,0,1,1,0,0,0,0,0,0,9
14905-40000,0,0,0,0,0,0,0,0,0,0,0,0,0,0,0,0,0,0,0,0,0,0,0,0,0,0,0,0,0,0,0,0,0,2,0,0,2
14905-50000,0,0,0,0,0,0,0,0,2,0,0,0,1,0,0,0,0,0,0,0,2,0,0,0,0,0,0,0,0,0,0,0,0,0,0,0,5
14905-60004,0,0,0,0,0,0,0,0,0,0,0,0,0,0,0,0,0,0,0,0,0,0,0,1,0,0,0,0,0,0,0,0,0,1,0,0,2
14905-80000,0,0,0,0,1,1,1,0,2,0,2,1,0,1,0,0,0,0,0,0,2,2,0,0,2,1,1,3,1,2,0,3,3,1,0,0,30
14917-30000,0,0,0,1,0,0,0,0,1,0,0,2,0,0,0,0,0,0,0,0,0,0,0,0,0,0,0,0,0,0,0,0,0,0,0,0,4
14917-40000,0,0,1,0,0,0,0,0,3,4,0,2,0,0,0,1,0,0,1,0,0,4,0,0,0,0,0,1,3,0,0,1,0,2,0,0,23
14936-10000,0,0,0,0,0,0,0,0,0,0,0,1,0,2,0,0,0,0,0,0,0,0,0,0,0,0,0,0,1,1,0,0,0,1,0,1,7
14953-70000,0,0,0,0,0,0,0,0,0,0,0,0,0,0,0,0,0,0,0,0,0,0,0,1,0,0,0,3,0,0,0,0,0,0,0,0,4
14954-80004,0,0,0,0,0,0,0,0,0,0,0,0,0,0,0,0,0,0,0,0,0,0,0,0,0,0,0,0,0,0,0,0,1,0,0,0,1
15059-70000,0,0,0,0,0,0,0,0,0,0,0,0,0,0,0,0,0,0,0,0,0,0,0,4,0,0,0,3,0,0,0,0,0,0,0,0,7
15177-40000,0,0,0,1,0,0,0,1,0,0,0,0,0,1,0,0,0,0,0,0,0,0,0,0,0,0,0,0,0,0,0,0,0,0,0,0,3
15177-50000,0,0,0,0,0,0,0,0,0,0,0,0,0,0,0,0,0,0,0,0,0,0,0,1,0,0,0,0,0,0,0,0,0,0,0,0,1
15177-90000,1,0,0,1,0,0,0,0,1,0,0,0,0,2,0,0,1,0,1,0,2,2,0,0,0,1,0,2,1,0,0,0,0,0,0,0,15
15178-60004,0,0,0,0,0,0,0,0,0,0,0,0,0,0,0,0,0,0,0,0,0,0,0,0,0,0,0,0,0,0,0,0,1,0,0,0,1
15313-00000,0,0,0,0,0,0,0,0,0,0,0,0,0,1,0,0,0,0,0,0,0,0,0,1,0,0,1,0,1,0,0,1,0,1,0,0,6
15313-10000,0,0,0,0,0,0,0,0,0,0,0,0,0,0,0,0,0,0,0,0,0,0,0,1,0,0,0,0,1,0,0,1,0,1,0,0,4
15313-70000,0,0,0,0,0,0,0,0,0,0,0,0,0,0,0,0,0,0,0,0,0,0,0,1,0,0,0,0,1,0,0,1,0,1,0,0,4
15321-50004,0,0,0,0,0,0,0,0,0,1,1,0,1,3,0,2,0,0,0,0,0,5,0,2,0,0,2,0,0,4,1,1,0,0,1,0,24
15383-00000,1,0,0,0,0,0,0,0,0,1,0,0,0,1,0,0,0,1,0,0,0,0,0,0,0,0,0,0,1,0,0,2,0,1,0,1,9
15383-10000,1,0,0,0,1,0,0,0,0,1,0,0,0,1,0,0,0,1,0,0,0,2,0,0,0,0,1,0,0,0,0,2,0,1,0,1,12
15621-90000,0,0,0,0,0,0,0,0,0,0,0,0,0,0,0,0,1,0,0,0,0,0,0,1,0,0,1,0,0,0,0,4,0,0,0,0,7
15649-0000M,0,0,0,0,0,0,0,0,0,0,0,0,0,0,0,0,0,0,0,0,0,0,0,0,0,1,0,0,0,0,0,0,0,0,0,0,1
15863-10008,0,3,5,2,1,0,0,0,0,0,3,0,0,1,4,2,0,0,0,1,3,0,0,0,0,3,3,0,0,1,0,0,0,0,0,2,34
15863-2000U,0,2,6,1,5,0,0,0,0,0,0,0,6,10,4,1,0,1,0,0,0,0,5,2,8,41,35,6,0,0,0,4,0,0,2,0,139
15863-30008,0,0,0,0,0,0,0,0,0,0,0,0,0,1,0,0,0,0,0,0,0,0,2,0,0,0,0,1,0,0,0,0,0,0,2,0,6
15863-40008,0,0,0,0,0,0,0,0,0,0,0,0,0,1,0,0,0,0,0,0,0,0,0,0,0,0,0,0,0,0,0,0,0,0,1,0,2
15863-60000,0,1,0,0,0,2,0,0,0,0,0,1,0,4,2,2,0,0,0,0,0,0,0,0,0,1,0,0,0,0,2,0,4,1,4,0,24
15863-70008,0,0,0,1,0,0,0,0,0,0,0,0,0,0,0,0,0,0,0,0,3,0,0,0,0,0,0,0,0,0,0,2,0,0,0,0,6
15863-80008,0,0,0,0,0,0,0,0,0,0,0,0,0,0,0,0,0,0,0,0,3,0,0,0,0,0,0,0,0,0,0,4,0,0,0,0,7
15864-0000M,0,0,0,0,0,0,0,0,0,0,0,0,0,0,0,0,0,0,0,0,0,0,0,0,0,9,0,0,0,1,0,0,0,0,0,0,10
15864-1000U,0,0,0,0,0,0,0,0,0,0,0,0,0,0,0,1,0,0,1,0,0,0,0,0,0,7,0,0,0,1,0,0,0,0,0,0,10
15864-2000M,0,0,0,1,0,0,0,0,0,0,0,0,0,0,0,0,0,0,0,0,0,0,0,0,0,9,2,0,0,1,0,0,0,0,0,0,13
15864-4000U,0,0,0,0,0,0,0,0,0,0,0,0,0,0,0,0,0,0,0,0,0,0,0,0,0,2,0,2,0,0,0,0,0,1,0,0,5
15864-60008,0,0,0,0,0,0,0,0,0,0,0,0,0,1,0,0,0,1,0,0,2,0,0,0,0,1,0,1,0,0,1,0,0,0,1,0,8
15864-70008,0,0,0,0,0,0,0,0,0,0,0,0,0,0,1,2,0,0,0,0,0,0,0,0,0,0,0,1,0,0,0,0,0,0,0,0,4
15866-30000,0,0,0,1,0,1,0,0,0,0,0,0,2,41,20,1,0,0,1,0,0,0,1,4,2,34,31,2,4,0,1,4,0,9,4,7,170
15866-4000M,0,0,0,0,0,0,0,0,0,0,0,0,0,0,0,2,2,0,0,0,0,0,0,0,0,0,6,2,0,0,0,0,0,0,2,2,16
15866-5000M,0,0,0,0,0,0,0,0,0,0,0,0,0,0,0,0,1,0,0,0,0,0,0,0,0,0,0,0,0,0,0,4,0,4,0,2,11
15866-6000M,0,0,0,0,0,0,0,0,0,0,0,0,0,0,1,1,0,0,0,0,0,0,0,0,0,0,0,0,0,0,0,0,0,0,0,0,2
15866-70006,0,12,0,1,0,0,0,1,0,0,2,1,17,15,25,7,1,0,4,3,3,1,2,5,25,69,61,13,8,7,18,0,8,9,5,23,346
15866-8000U,0,0,0,0,0,0,0,0,0,0,0,0,0,5,0,0,0,0,0,0,0,0,0,0,4,0,3,2,2,0,5,0,0,0,0,0,21
15866-9000U,0,0,0,0,0,0,0,0,0,0,0,0,0,5,0,0,0,0,0,0,0,0,0,0,4,0,3,2,2,0,5,0,0,0,0,0,21
15867-0000U,0,0,0,0,0,0,0,0,0,0,0,0,0,0,0,0,0,0,0,0,0,0,0,0,2,0,1,0,1,0,5,0,0,0,0,0,9
15867-10008,0,0,0,0,0,0,0,0,0,0,0,0,0,0,0,1,0,0,0,0,3,0,0,1,1,1,0,0,0,0,0,0,0,0,1,0,8
15867-70008,0,0,0,0,0,0,0,0,0,0,0,0,1,0,1,2,0,0,0,0,0,0,0,1,0,7,1,0,0,0,0,0,0,0,1,0,14
15867-80008,0,0,0,0,0,5,0,0,0,0,0,0,1,1,1,1,0,0,0,0,0,0,0,1,0,7,2,0,0,0,0,0,0,0,1,0,20
15867-90008,0,0,0,0,0,0,0,0,0,0,0,0,0,0,0,0,1,0,0,0,3,0,0,0,0,0,0,0,0,0,0,0,0,0,1,0,5
15868-00008,0,0,0,0,0,0,0,0,0,0,0,0,0,0,0,0,1,0,0,0,0,0,0,0,0,0,0,0,0,0,0,0,0,0,0,0,1
15868-10008,0,0,0,0,0,0,0,0,0,0,0,0,0,1,0,0,1,0,0,0,2,0,0,2,0,0,1,0,0,0,0,0,0,0,0,0,7
15868-20008,0,0,0,0,0,0,0,0,0,0,0,0,0,0,0,0,1,0,0,0,0,0,0,0,0,0,0,0,0,0,0,0,0,0,0,0,1
15868-30008,0,0,0,0,0,0,0,0,0,0,0,0,0,1,0,0,1,0,0,0,2,0,0,2,0,0,0,0,0,0,0,0,0,0,0,0,6
15868-40008,0,0,0,0,0,0,0,0,0,0,0,0,0,0,0,0,2,0,0,0,0,0,0,0,0,0,0,0,0,0,0,0,0,0,0,0,2
15868-5000M,0,0,0,0,0,0,0,0,0,0,0,0,0,0,0,0,15,0,0,0,0,0,0,0,0,0,3,0,0,0,0,0,0,30,0,0,48
15868-60008,0,0,0,0,0,0,0,0,0,0,0,0,0,1,1,0,0,0,0,0,0,0,0,2,0,0,0,3,0,0,0,4,0,0,2,0,13
15868-7000M,0,0,0,0,0,0,0,0,0,0,0,0,0,0,0,0,0,0,0,0,0,0,0,0,0,0,2,1,0,0,0,0,0,0,1,0,4
15868-8000M,0,0,0,0,0,0,0,0,0,0,0,0,0,0,0,0,0,0,1,0,0,0,0,0,0,0,1,0,0,0,0,0,0,0,0,0,2
15874-90008,0,0,0,0,0,0,1,0,0,0,0,0,0,0,0,0,1,0,0,0,0,0,0,0,0,0,1,0,0,0,0,4,1,0,0,0,8
15875-0000M,0,1,0,0,0,5,1,0,0,0,0,0,0,0,5,1,1,0,1,0,0,0,0,0,0,0,16,7,0,0,0,0,0,0,0,0,38
15875-1000M,0,0,0,0,0,0,0,0,0,0,0,0,0,0,0,0,1,0,0,0,0,0,0,1,0,0,14,2,0,0,0,0,1,0,0,0,19
15875-2000M,0,1,0,0,0,0,0,0,0,0,0,0,0,0,0,5,1,0,0,0,0,0,0,1,0,1,3,0,0,0,1,0,1,0,1,0,15
15875-3000M,0,1,0,0,0,0,0,0,0,0,0,0,0,2,0,0,0,0,0,0,0,0,0,1,0,0,2,0,0,0,0,4,0,0,0,0,10
15875-6000M,0,3,0,0,0,0,0,0,0,0,0,0,0,3,2,1,0,0,0,0,0,0,0,14,0,0,6,0,0,0,0,4,0,1,0,0,34
15876-0000M,0,0,0,0,0,0,0,0,0,0,0,0,0,0,0,0,0,0,0,0,0,0,0,10,0,0,0,0,0,0,0,0,0,0,0,0,10
15876-30008,0,0,0,0,0,0,0,0,0,0,0,0,0,0,0,0,0,0,0,0,0,0,0,2,0,0,0,0,0,0,0,0,0,0,0,0,2
15876-8000U,0,0,0,0,0,0,0,0,0,0,0,0,0,0,0,0,0,0,0,0,0,0,0,2,0,0,0,0,0,0,0,0,0,0,0,0,2
15876-9000U,0,0,0,0,0,0,0,0,0,0,0,0,0,0,0,0,0,0,0,0,0,0,0,0,0,0,0,0,0,0,0,4,0,0,0,0,4
15877-0000M,0,0,0,0,0,0,0,0,0,0,0,0,0,0,0,0,0,0,0,0,0,0,0,0,2,0,0,0,0,0,0,0,0,1,0,0,3
15877-30004,0,0,0,0,0,0,0,0,0,0,0,0,0,1,0,0,0,0,0,0,0,0,0,0,0,1,0,0,0,0,0,4,0,0,0,0,6
15877-80004,0,0,0,0,0,0,0,0,0,0,0,0,0,0,0,0,0,0,0,0,0,0,0,0,0,0,0,0,0,0,0,5,0,0,2,0,7
15877-90004,0,0,0,1,0,0,0,0,0,0,0,0,0,0,1,1,0,0,0,0,0,1,0,0,0,1,0,0,0,0,0,4,0,0,2,0,11
15878-70004,0,0,0,1,0,0,0,0,0,0,0,0,0,0,1,0,0,0,0,0,0,0,0,0,0,1,0,0,0,0,0,4,0,0,0,0,7
15878-8000M,0,0,2,0,0,0,0,0,0,0,0,0,0,0,0,0,0,0,0,0,0,0,0,0,0,0,0,0,0,0,0,0,0,0,0,0,2
15878-9000M,0,0,0,0,0,0,0,0,0,0,0,0,0,0,0,0,0,1,0,0,0,0,0,0,0,1,0,0,0,0,0,0,0,0,0,0,2
15879-0000U,0,0,0,0,0,0,0,0,0,0,0,0,0,0,0,0,0,0,0,0,0,0,0,0,0,1,0,0,0,0,0,4,0,0,0,0,5
15879-10004,0,0,0,0,0,0,0,0,0,0,0,0,0,0,1,0,0,0,0,0,0,0,0,0,0,0,0,0,0,0,0,8,0,0,0,0,9
15879-5000M,0,0,0,0,0,0,0,0,0,0,0,0,0,2,0,0,0,0,0,0,0,0,0,0,0,2,0,0,0,0,0,0,0,0,0,0,4
15879-60004,0,0,0,0,0,0,0,0,0,0,0,0,0,5,0,4,0,0,0,0,0,0,1,0,0,11,8,4,0,0,0,0,0,0,0,0,33
15879-80006,340,1242,1062,316,100,396,370,0,0,0,68,460,1364,3198,4070,1084,324,140,296,332,70,36,652,1690,4710,7548,6020,964,398,726,228,704,0,164,540,2522,42134
15880-00008,0,0,1,0,0,0,0,0,0,0,0,0,0,0,0,0,0,0,0,0,0,0,0,0,0,0,0,0,0,0,0,4,0,0,0,0,5
15880-30008,0,0,1,0,0,0,0,0,0,0,0,0,0,0,0,1,0,0,0,0,0,0,0,0,0,0,0,0,0,0,0,4,0,0,0,0,6
15880-60008,0,0,0,0,0,0,0,0,0,0,0,0,0,1,0,0,0,0,0,0,0,0,0,0,0,0,0,0,0,0,0,0,0,0,0,0,1
15881-20008,0,0,1,0,0,0,0,0,0,0,0,0,0,0,0,1,0,0,0,0,0,0,0,0,0,1,0,0,0,0,0,4,0,0,0,0,7
15881-70000,0,0,0,0,0,1,0,0,0,0,0,0,0,0,0,0,0,0,0,0,0,0,0,0,0,0,0,0,0,0,0,0,4,0,0,0,5
15881-90004,0,0,1,1,0,0,0,0,0,0,0,0,0,0,1,0,0,0,0,0,0,0,0,0,0,1,0,0,0,0,0,0,0,0,0,0,4
15882-20008,0,0,0,0,0,0,0,0,0,0,0,0,0,1,0,0,0,0,0,0,0,0,0,0,0,0,0,0,0,0,0,0,0,0,1,0,2
15882-8000M,0,0,0,0,0,0,0,0,0,0,0,0,0,0,0,0,0,0,0,0,0,0,0,0,0,0,0,0,0,0,0,0,0,2,0,0,2
15882-9000M,0,0,0,0,0,0,0,0,0,0,0,0,0,0,0,0,0,0,0,0,0,0,0,0,0,0,0,0,0,0,0,0,0,2,0,0,2
15883-00008,0,0,1,0,0,0,0,0,0,0,0,0,0,0,0,0,0,0,0,0,0,0,0,0,0,1,0,0,0,0,0,4,0,0,0,0,6
15883-80006,0,0,0,1,0,0,0,0,0,0,0,0,0,0,0,0,0,0,0,0,0,0,0,0,4,2,0,1,0,0,0,0,0,0,0,0,8
15884-01008,0,0,1,0,0,0,0,0,0,0,0,0,0,0,0,0,0,0,0,0,0,0,0,0,0,0,0,0,0,0,0,4,0,0,0,0,5
15884-10008,0,0,0,0,0,0,0,0,0,0,0,0,0,0,0,0,0,0,0,0,0,0,0,0,0,0,0,0,0,0,0,4,0,0,0,0,4
15884-5000M,0,1,0,0,0,1,0,0,0,0,0,0,0,0,0,0,1,0,0,0,0,0,0,0,0,3,1,1,0,0,0,0,0,1,5,0,14
15884-80008,0,0,0,0,0,0,0,0,0,0,0,0,0,0,0,0,0,0,0,0,0,0,0,0,0,0,1,0,0,0,0,0,0,0,0,0,1
15884-90008,0,0,0,0,0,0,0,0,0,0,0,0,0,0,0,0,0,0,0,0,0,0,0,2,0,3,2,0,0,0,0,0,0,0,0,0,7
15885-00008,0,0,0,0,0,0,0,0,0,0,0,0,0,0,0,0,0,0,0,0,0,0,0,0,0,0,1,0,0,0,0,0,0,0,0,0,1
15885-10008,0,0,0,0,0,0,0,0,0,0,0,0,0,0,0,0,0,0,0,0,3,0,0,0,0,0,0,0,0,0,0,0,0,0,0,0,3
15885-2000U,0,0,0,0,0,0,0,0,0,0,0,0,0,0,0,0,0,0,0,0,0,0,0,0,0,0,1,0,0,0,0,0,0,0,0,0,1
15885-30004,0,0,0,0,0,0,0,0,0,0,5,0,0,0,1,0,0,0,0,0,0,0,0,0,0,6,4,1,0,0,0,4,0,0,0,0,21
15885-40004,0,7,5,1,1,1,1,0,0,1,0,0,1,15,18,6,2,0,12,1,2,2,0,6,10,37,39,1,0,2,0,2,0,5,0,4,182
15885-50004,0,0,0,0,0,0,0,0,0,0,0,0,0,0,11,1,0,0,0,0,0,0,0,0,0,0,1,0,0,0,0,4,0,0,0,0,17
15885-8000M,0,0,0,0,0,0,0,0,0,0,0,0,0,1,1,1,0,1,0,0,0,0,0,1,0,6,7,2,0,1,2,0,1,1,4,2,31
15886-40008,0,0,1,0,1,0,1,0,0,0,0,0,0,1,0,0,0,0,0,0,0,0,0,0,0,0,4,0,0,0,0,0,0,0,0,0,8
15886-60008,0,0,0,0,0,0,0,0,0,0,0,0,0,0,0,0,0,0,0,0,3,0,0,0,0,0,2,0,0,0,0,0,0,0,0,0,5
15886-70008,0,1,0,0,0,0,0,0,0,0,0,0,0,0,2,0,0,0,0,0,3,0,0,0,0,0,2,0,0,0,0,4,0,0,0,0,12
15887-0000M,0,0,0,0,0,0,0,0,0,0,0,0,0,0,0,0,0,0,0,0,0,0,0,0,0,0,0,0,0,0,0,0,0,0,1,0,1
15887-10004,0,0,0,0,0,0,0,0,0,0,3,0,0,1,1,1,0,0,0,0,0,0,0,0,0,2,4,2,0,0,0,4,0,0,0,0,18
15887-60008,0,0,0,0,0,0,0,0,0,0,0,0,0,0,1,0,0,0,0,0,3,0,0,0,0,0,0,0,0,0,0,4,0,0,0,0,8
15887-70008,0,3,1,1,0,0,0,0,0,0,0,0,0,5,5,2,1,2,1,3,0,0,1,0,6,19,13,4,2,1,0,0,0,0,0,2,72
15887-9000M,1,3,0,0,0,0,1,0,0,0,0,0,0,1,0,3,1,0,0,0,0,0,0,0,1,8,0,3,0,0,1,4,0,0,0,0,27
15888-0000M,0,0,0,0,0,0,0,0,0,0,0,0,0,0,0,1,0,0,0,0,0,0,0,0,0,1,0,0,0,0,0,0,0,0,0,0,2
15888-2000M,0,0,0,0,0,0,0,0,0,0,0,0,0,0,0,0,0,0,0,0,0,0,0,0,0,0,0,0,0,0,0,0,0,2,0,0,2
15888-3000M,0,9,20,0,0,2,5,0,0,0,3,0,1,15,59,5,1,2,1,1,0,1,10,6,15,51,53,7,0,0,3,3,0,0,0,4,277
15888-5000U,0,0,0,0,0,1,0,0,0,0,0,0,0,0,0,0,0,0,0,0,3,0,0,0,0,0,0,0,0,0,0,0,0,0,0,0,4
15888-60008,0,16,10,1,3,1,3,0,0,0,3,0,0,15,36,5,2,1,1,1,3,0,5,1,4,36,40,6,1,0,4,1,1,0,1,1,202
15889-3000M,0,6,1,0,0,0,0,0,0,0,0,0,0,12,3,0,0,0,0,0,0,0,0,4,0,13,17,0,0,0,0,0,0,0,0,0,56
15890-5000M,1,0,0,0,0,0,0,0,0,0,0,0,0,0,3,0,0,0,0,0,0,0,0,0,0,0,0,1,0,0,0,0,0,0,0,0,5
15890-80000,0,0,3,1,0,0,1,1,0,0,0,0,3,7,13,2,0,0,1,1,2,0,1,1,1,38,16,2,2,2,1,0,0,0,0,5,104
15895-6000M,0,4,0,0,0,0,0,0,0,0,0,0,10,8,6,0,0,0,0,0,0,10,0,0,2,35,0,0,0,1,3,4,0,0,0,0,83
15895-7000M,36,244,59,12,10,2,18,0,7,4,6,16,44,49,181,18,3,0,2,2,8,0,5,52,21,54,46,10,2,7,0,4,2,5,1,6,936
15916-6000U,0,0,0,0,0,0,0,0,0,0,5,0,0,0,0,0,0,0,0,0,3,0,0,1,0,3,6,1,0,1,1,9,0,0,0,0,30
15916-80000,3,14,5,3,2,1,2,0,0,0,1,0,2,6,33,3,2,2,1,1,0,1,10,3,2,17,29,1,0,2,0,1,0,0,1,10,158
46534-ASYXX,0,0,0,0,0,0,0,0,0,0,0,0,0,0,0,0,0,0,0,0,0,0,0,0,0,0,1,0,0,0,0,0,0,0,0,0,1
55338-ASYXX,0,0,0,0,0,0,0,0,0,0,0,0,0,0,0,0,0,0,0,0,0,0,0,0,0,2,1,0,0,0,0,0,0,0,0,0,3
70087-40000,10,14,9,2,0,0,1,0,0,0,0,2,0,17,52,11,2,0,6,4,0,0,2,8,43,84,72,12,0,2,3,4,2,2,7,4,375
70180-20000,1,14,9,1,3,1,6,3,0,0,2,3,7,32,23,11,5,4,0,3,1,2,14,4,0,26,21,20,6,4,0,20,0,10,2,2,260
70268-60000,0,8,0,1,0,0,0,0,0,0,0,0,7,0,8,0,4,0,2,0,0,0,8,0,4,4,3,0,0,0,0,0,0,0,8,0,57
70268-8000U,0,0,0,1,0,0,0,0,0,0,0,0,0,0,0,0,0,0,0,0,0,0,0,0,0,1,0,0,0,1,0,0,0,0,0,0,3
70269-2000U,0,1,2,0,0,0,0,0,0,0,0,1,0,1,1,1,1,0,2,0,0,0,0,0,1,5,6,1,0,0,1,0,0,0,0,0,24
70269-3000U,0,1,1,0,0,0,0,0,0,0,0,0,0,0,3,1,0,0,2,0,0,0,0,1,0,5,2,0,0,0,1,0,0,0,0,0,17
70269-4000U,0,11,0,0,0,0,0,0,0,0,0,0,2,2,1,4,0,0,0,0,0,0,0,0,1,14,38,5,0,0,0,0,4,0,2,0,84
70269-5000U,0,0,1,0,1,0,0,0,0,0,0,1,1,3,5,2,0,0,4,0,0,0,0,0,2,2,4,2,0,0,0,0,0,0,0,3,31
70269-6000U,0,0,11,0,0,0,0,0,0,0,0,0,0,2,3,0,0,0,0,0,0,0,1,1,0,0,0,1,0,1,0,0,0,2,0,0,22
70269-70000,1,2,2,0,0,0,0,0,0,0,0,0,14,9,7,2,0,0,0,2,0,0,2,0,10,20,30,4,0,0,10,0,0,0,0,2,117
70269-8000U,0,14,12,4,0,8,0,0,0,0,6,4,22,26,46,34,0,0,50,0,0,0,4,27,23,58,89,27,0,20,10,0,0,0,0,18,502
70279-80000,0,0,0,5,11,0,0,0,0,0,1,5,5,13,29,5,5,10,5,5,0,5,11,20,29,73,44,12,3,0,10,2,0,18,19,27,372
70297-50000,2,6,2,1,0,0,1,0,0,0,0,1,2,5,3,0,0,0,0,0,1,0,0,0,0,2,2,0,0,1,0,1,0,0,0,1,31
70297-60000,0,1,0,0,1,0,0,0,0,0,0,0,0,5,0,0,0,0,0,0,0,0,0,0,0,2,2,0,0,0,0,0,0,0,0,0,11
70332-70000,1,0,0,0,0,0,0,0,0,0,0,0,0,1,0,0,0,0,0,0,0,0,1,0,0,0,0,1,0,0,1,0,0,0,0,0,5
70472-1000U,0,2,1,0,0,0,0,0,0,0,0,0,2,2,0,0,0,0,0,0,0,1,0,0,0,0,1,1,3,0,0,0,0,0,0,0,13
80278-50000,143,256,136,20,21,65,19,9,2,55,18,92,131,339,282,61,23,11,20,8,35,15,35,329,135,431,236,58,18,34,22,30,10,29,53,130,3311
80278-70008,8,7,5,1,2,0,0,0,0,2,0,0,4,0,22,0,0,0,5,0,2,0,1,6,1,11,22,10,0,9,0,5,2,0,0,2,127
80278-8000M,0,5,4,1,2,0,2,0,0,0,0,0,0,0,12,2,6,0,0,2,2,0,2,4,8,17,22,6,0,2,0,0,2,0,2,2,105
80278-90008,0,7,3,0,0,1,0,0,0,0,1,0,0,0,4,1,0,0,0,0,0,0,1,0,4,1,12,0,0,0,0,0,0,0,0,0,35
80315-00002,1,0,0,0,0,0,0,0,1,1,0,0,0,0,0,0,0,1,0,0,0,1,0,0,0,0,1,0,0,0,0,2,1,0,0,0,9
80315-10002,1,0,0,0,0,0,0,0,1,1,0,0,0,0,0,0,0,1,0,0,0,1,0,0,0,0,1,0,0,0,0,2,1,0,0,1,10
80316-0000M,0,0,0,0,1,0,0,0,0,0,0,0,0,0,0,0,0,0,0,0,1,0,0,0,0,0,0,0,0,0,0,0,1,0,0,0,3
80423-80000,0,0,0,0,0,0,0,0,0,0,0,0,0,0,0,0,0,0,0,0,0,0,0,0,0,0,3,0,0,0,0,0,0,0,0,0,3
90915-ASYXX,0,0,0,0,0,0,0,0,0,0,0,0,0,0,0,0,0,0,0,1,0,0,0,0,0,0,0,0,0,0,0,0,0,0,0,0,1
AA050-XXXXX,30,32,5,0,0,0,0,2,0,0,0,0,9,20,7,2,0,1,1,0,0,0,0,5,1,13,20,9,1,0,0,9,0,0,0,1,168
AA060-XXXXX,0,0,0,0,1,0,0,0,0,0,0,0,0,0,0,0,0,0,0,0,0,0,0,0,0,0,0,0,0,0,0,0,0,0,0,0,1
AB060-XXXXX,21,43,2,10,0,0,0,2,1,0,0,0,38,11,12,1,2,0,6,10,0,1,0,42,1,49,74,16,2,3,2,10,1,0,0,1,361
AD060-XXXXX,22,52,2,2,2,0,2,0,1,0,2,20,10,3,15,4,2,1,1,0,0,1,12,14,4,57,51,25,7,1,4,14,1,0,1,1,334
AD50X-XXXXX,0,10,0,0,0,0,0,0,0,0,0,0,0,0,0,0,0,0,0,0,0,0,0,0,0,0,2,0,0,0,0,0,0,0,0,0,12
AN08X-XXXXX,8,22,19,5,4,2,0,0,0,0,0,13,8,25,34,4,7,0,0,0,0,0,4,13,38,43,31,22,2,0,2,0,0,0,0,14,320
AW08X-XXXXX,41,109,21,4,2,2,1,0,0,0,1,8,9,10,44,5,4,1,0,0,0,0,3,3,46,44,14,7,2,0,1,0,3,0,0,3,388
BA040-12XXX,10,60,10,0,0,4,0,0,6,0,2,0,14,32,19,8,24,4,10,0,0,0,2,7,10,106,60,8,0,6,8,0,0,0,0,8,418
BAI12-150XX,1,17,0,0,1,0,0,0,0,0,0,1,0,0,11,0,0,0,0,0,0,0,0,0,0,12,12,0,0,0,0,0,0,0,0,1,56
BC060-10XXX,0,0,0,0,0,0,0,0,0,0,0,0,0,0,0,0,0,0,0,0,0,4,0,0,0,0,0,0,0,0,0,0,0,0,0,0,4
BC060-20XXX,0,0,0,0,0,0,0,0,4,0,0,0,0,0,0,0,0,0,0,0,0,2,0,9,0,0,0,0,0,0,0,3,0,0,0,0,18
BC060-30XXX,0,0,0,0,0,0,0,0,0,0,0,0,0,0,0,0,0,0,0,0,0,8,0,1,0,0,0,3,0,0,0,0,0,0,0,0,12
BC100-16XXX,0,0,0,0,0,0,0,0,0,0,0,0,0,0,0,0,0,8,0,0,0,0,0,0,0,0,0,0,0,0,0,0,0,0,0,0,8
BC100-25XXX,0,0,0,0,0,0,0,0,2,0,0,0,0,0,0,0,0,0,0,0,0,0,2,2,0,0,0,1,0,0,0,2,0,2,0,0,11
BC100-60XXX,0,0,0,0,0,0,0,0,0,0,0,0,1,0,0,0,0,0,0,0,1,0,0,0,0,0,0,0,0,0,0,0,0,0,0,0,2
BC100-75XXX,0,0,0,0,0,0,0,0,0,0,1,0,1,2,0,1,0,0,0,0,2,0,0,0,0,0,0,0,0,2,0,0,0,1,0,0,10
BH080-16XXX,1,10,0,0,0,0,0,0,0,0,0,0,0,2,13,0,0,0,0,0,0,0,0,0,0,3,1,0,0,0,1,0,0,0,0,3,34
BJ080-20XXX,0,0,0,0,0,0,0,0,0,0,0,0,0,0,0,0,0,0,0,0,0,0,5,0,0,10,5,0,0,0,0,20,0,0,0,0,40
BR080-45XXX,0,0,0,0,0,0,2,0,0,0,2,7,0,1,0,0,0,0,4,3,0,0,0,0,1,0,1,0,0,0,0,0,2,0,0,5,28
BRS10-035XX,0,0,1,0,0,0,0,0,0,1,0,2,0,2,0,1,0,0,1,0,0,4,0,0,0,0,0,1,3,0,0,0,0,5,0,0,21
BRZ10-050XX,0,0,24,0,0,0,0,0,0,0,0,0,0,0,0,0,0,0,0,0,0,0,0,0,11,0,0,0,0,0,0,0,0,0,0,0,35
BSPZ0-8020X,21,75,26,1,0,12,12,0,0,0,0,2,0,38,36,0,6,10,5,9,0,0,16,12,19,113,41,0,6,2,7,11,0,28,123,9,640
BSZ08-025XX,4,11,0,0,0,0,6,0,0,0,0,8,0,2,15,0,1,0,0,2,0,0,5,0,21,13,19,10,0,0,1,0,0,1,2,9,130
BSZ08-030XX,1,61,3,0,0,0,0,0,0,0,0,0,0,20,23,0,1,0,1,1,8,5,0,0,1,41,3,8,0,1,0,0,0,0,1,0,179
BSZ08-040XX,2,43,20,0,0,0,0,0,0,0,0,0,0,10,20,6,0,0,0,0,0,0,0,0,0,10,2,0,0,0,0,0,0,0,0,0,113
BSZ08-045XX,0,12,0,0,0,0,0,0,0,0,0,0,0,2,0,0,0,0,0,0,0,0,0,0,0,10,0,0,0,0,0,0,0,0,0,0,24
BSZ08-055XX,32,80,0,1,20,23,50,0,20,0,0,0,130,78,269,57,12,0,5,0,0,0,0,70,220,789,462,142,5,32,20,20,7,2,42,52,2640
BSZ08-060XX,0,10,0,0,0,0,0,0,0,0,0,0,0,10,0,0,0,0,0,0,1,0,0,0,0,28,2,6,0,1,10,0,0,0,0,0,68
BSZ08-085XX,7,6,1,0,0,2,0,0,0,0,0,7,0,6,36,0,3,4,0,2,0,0,0,0,0,16,9,4,0,0,20,0,0,0,0,0,123
BSZ10-020XX,0,80,10,0,0,0,0,0,0,0,0,0,0,0,0,0,0,0,0,0,0,0,0,0,0,0,2,0,0,0,0,0,0,0,0,0,92
BSZ10-025XX,5,86,50,0,10,0,4,4,0,4,0,55,10,42,63,8,2,1,0,0,29,1,21,0,49,85,17,9,6,0,5,3,0,10,12,15,606
BSZ10-030XX,62,86,69,0,12,4,5,0,20,1,4,47,19,176,80,35,5,11,0,11,4,1,24,17,83,157,182,36,4,2,7,10,6,107,9,8,1304
BSZ10-035XX,125,797,373,63,38,24,13,0,10,6,60,165,121,572,951,124,32,14,89,47,38,4,123,131,160,942,920,140,7,28,30,40,3,92,24,101,6407
BSZ10-040XX,10,186,40,0,0,6,16,0,0,0,10,36,7,21,116,5,2,2,10,0,0,0,4,40,5,90,150,30,2,0,10,2,0,0,4,32,836
BSZ10-055XX,0,0,0,0,0,0,0,0,0,0,0,0,0,0,0,0,0,0,0,0,0,0,0,0,0,0,0,0,0,0,0,0,2,0,0,0,2
BSZ10-060XX,13,21,4,4,0,0,4,0,0,0,0,2,20,20,20,2,0,0,0,1,0,2,0,10,32,52,9,0,5,0,2,0,1,0,0,11,235
BSZ10-065XX,0,0,1,0,0,0,0,0,0,0,0,0,2,0,4,0,0,0,0,0,0,0,0,0,12,0,0,0,0,0,0,0,0,0,0,0,19
BSZ10-070XX,3,162,24,0,2,0,2,0,1,0,1,2,5,3,48,0,0,0,3,2,4,0,21,20,10,71,66,10,0,0,0,0,0,0,2,16,478
BSZ10-075XX,2,18,0,0,0,2,0,0,0,0,0,0,2,8,4,4,0,0,0,0,0,0,0,0,0,5,6,0,0,0,0,0,0,0,0,6,57
BSZ10-080XX,31,479,178,17,20,12,5,0,0,12,32,42,61,443,623,28,10,24,22,18,18,14,2,76,102,617,424,76,2,12,40,6,2,14,2,36,3500
BSZ10-095XX,0,0,0,3,0,0,10,0,0,0,0,0,0,0,0,0,3,0,0,0,0,0,0,0,0,0,16,0,0,0,0,0,0,0,0,0,32
BX100-25XXX,0,0,2,0,0,0,6,0,0,0,0,0,0,0,10,0,2,0,0,0,0,0,0,0,0,2,31,0,2,0,0,0,0,0,0,0,55
BX100-30XXX,0,59,42,0,0,4,0,6,0,0,0,10,7,108,119,40,0,2,0,4,2,5,0,10,116,186,148,34,2,16,27,13,2,6,10,6,984
BX100-40XXX,10,91,26,3,0,0,2,0,0,2,0,6,9,33,111,43,4,3,2,10,4,0,1,13,122,174,164,32,0,0,0,0,0,8,0,21,894
BX100-65XXX,0,50,20,1,0,0,70,0,0,0,0,0,0,26,46,2,0,2,0,0,0,0,0,4,0,106,51,0,0,2,0,1,0,0,0,7,388
BX100-70XXX,7,10,3,0,0,0,0,0,1,0,0,0,4,2,17,10,10,0,1,0,0,2,0,0,2,11,79,1,0,0,0,0,0,0,0,6,166
BX120-40XXX,0,0,0,0,0,0,0,0,0,0,0,0,0,0,0,0,0,0,0,0,0,0,0,0,0,0,0,0,0,0,0,0,0,50,36,0,86
BX161-00XXX,0,0,0,0,0,0,0,0,0,0,0,0,0,0,0,0,0,0,0,0,0,0,0,0,0,0,0,2,0,1,0,0,0,0,0,5,8
BXI10-060XX,0,0,0,0,0,0,0,0,0,0,0,0,0,2,0,0,0,0,0,0,0,0,0,0,0,0,2,0,0,0,0,0,0,0,2,0,6
BXI12-060XX,4,10,0,0,0,0,0,0,0,0,0,0,0,0,2,0,0,0,0,0,0,0,0,0,0,0,0,0,0,0,0,0,0,0,0,1,17
BXI16-15005-0,0,10,5,0,0,0,0,0,0,0,0,0,0,0,0,0,0,0,0,0,0,0,0,0,0,0,0,0,0,0,0,0,0,0,0,0,15
BZ060-12XXX,0,0,0,0,0,0,0,0,0,0,0,0,0,0,0,0,4,0,0,0,0,0,0,0,0,0,10,0,0,0,0,0,0,0,0,0,14
BZ100-95XXX,0,6,9,0,0,0,0,0,0,0,0,2,0,0,0,12,0,0,0,0,0,2,0,0,1,6,20,1,0,0,0,0,0,0,0,10,69
BZ120-25XXX,0,20,5,0,0,0,0,0,0,0,0,0,20,0,0,12,0,0,0,0,0,0,0,10,0,21,9,0,1,0,0,0,0,10,0,5,113
BZ120-30XXX,0,10,0,0,0,0,0,0,0,0,0,0,0,0,0,0,0,0,0,0,0,0,0,0,0,0,0,0,0,0,0,0,0,0,0,0,10
BZ120-45XXX,0,5,0,0,0,0,0,0,0,0,0,0,0,2,0,0,0,0,0,10,0,0,0,0,0,2,0,0,0,0,0,0,0,0,0,0,19
BZ120-55XXX,0,0,0,0,0,1,0,0,0,0,0,0,0,2,10,0,1,0,0,0,0,0,0,0,0,7,5,0,0,0,0,0,0,0,1,0,27
BZ120-60XXX,0,0,0,0,0,0,0,0,1,0,0,0,10,1,2,0,0,0,0,0,0,0,0,0,0,6,2,1,0,0,0,0,0,0,0,0,23
BZ120-70XXX,0,5,0,0,0,0,0,0,0,0,0,0,0,10,0,0,0,0,0,0,0,0,0,0,0,10,0,0,0,0,0,0,0,0,0,0,25
BZ140-30XXX,0,48,7,3,1,0,4,0,0,0,1,0,0,1,20,10,1,0,0,0,0,2,1,2,0,37,24,0,0,0,1,0,0,0,0,1,164
BZ140-45XXX,10,10,14,0,0,0,0,0,0,0,0,0,0,14,29,0,0,0,0,20,0,0,3,0,0,0,10,0,0,0,0,0,0,0,0,0,110
BZ140-80XXX,19,41,11,0,0,0,2,0,0,1,0,0,6,34,63,10,0,5,2,0,0,0,0,32,15,31,49,2,0,0,0,0,2,10,2,2,339
BZ141-00XXX,0,0,0,0,0,0,0,0,0,0,0,0,0,0,1,0,0,0,0,0,0,0,0,0,0,0,0,0,0,0,0,0,0,0,0,0,1
BZ160-45XXX,0,5,0,0,0,0,0,0,0,0,0,0,0,0,0,0,0,0,0,0,0,0,0,0,0,10,0,0,0,0,0,0,0,0,0,0,15
BZ160-50XXX,0,3,0,0,0,0,0,0,0,0,0,0,0,0,0,0,0,0,0,0,0,0,0,0,0,0,0,0,0,0,0,0,0,0,0,0,3
BZ161-00XXX,0,17,18,0,0,1,1,0,5,0,0,0,2,0,35,0,0,0,0,1,1,0,1,0,2,20,57,3,0,0,1,1,2,0,1,0,169
BZ200-55XXX,0,23,12,1,0,0,0,0,0,0,0,2,0,4,0,0,0,0,0,0,0,2,0,1,0,10,4,0,0,0,0,0,0,0,0,0,59
BZD10-070XX,8,16,1,0,0,0,0,0,0,0,0,0,0,0,6,0,0,0,0,0,0,0,0,0,0,10,4,0,0,0,0,0,0,0,0,1,46
CAP04-8635X,0,0,0,0,0,0,0,0,0,0,0,1,0,0,0,0,0,0,0,0,0,0,0,0,0,0,0,0,0,0,0,2,1,0,0,0,4
CM060-16XXX,0,0,0,0,0,0,0,0,0,0,0,0,10,0,0,0,0,0,0,3,0,0,0,0,0,0,0,0,0,0,0,0,0,0,4,0,17
CP040-16XXX,0,0,0,0,0,0,0,0,4,0,0,0,0,0,0,0,0,0,0,0,0,0,0,0,0,4,0,0,0,0,0,0,0,0,0,0,8
CP060-16XXX,0,0,0,0,0,0,0,0,0,0,0,8,0,0,10,0,0,0,0,0,0,0,0,0,0,4,0,0,10,4,0,0,0,0,3,0,39
CP060-35XXX,6,0,0,0,0,0,0,0,0,0,0,0,2,10,0,0,0,0,0,0,0,0,0,0,0,0,1,0,0,0,0,0,0,1,0,0,20
CP060-45XXX,0,0,0,0,0,0,0,0,0,0,0,0,0,1,0,0,0,0,0,0,0,0,0,0,0,1,0,0,1,1,0,0,0,0,1,0,5
CP080-16XXX,20,24,30,0,0,0,3,0,0,0,0,0,10,49,2,15,0,0,6,0,0,10,10,20,7,93,20,6,0,0,0,0,2,14,3,7,351
CP080-20XXX,10,10,0,0,0,0,1,0,0,0,0,0,0,21,2,0,0,0,0,0,0,1,0,10,4,4,3,0,1,1,0,0,0,0,1,3,72
CP080-45XXX,0,1,0,0,0,0,0,0,0,0,0,0,0,1,0,0,0,0,0,0,0,0,2,2,0,2,0,0,0,0,0,0,0,0,0,0,8
D2552-08XXX,1,0,0,0,1,0,0,0,1,2,1,0,1,2,0,0,0,1,0,0,1,3,0,1,0,0,1,0,1,1,0,3,0,1,0,0,22
D3062-10XXX,1,0,0,0,1,0,0,0,1,2,1,0,1,2,0,0,0,1,0,0,1,3,0,1,0,0,1,2,1,0,0,3,1,0,1,0,24
D3572-12XXX,1,0,0,0,1,0,0,0,1,2,1,0,1,1,0,0,0,1,0,0,1,3,0,1,0,0,1,0,1,1,0,3,0,3,0,1,24
D4072-10XXX,44,50,30,9,1,2,8,1,0,0,0,3,27,18,52,8,0,3,0,1,1,0,2,10,30,31,57,9,3,2,1,0,5,1,3,12,424
D5065-9XXXX,28,55,14,9,3,5,2,0,0,0,20,27,6,13,50,6,4,2,1,1,1,0,11,5,23,47,51,7,2,2,1,0,5,2,1,4,408
D5880-12XXX,0,1,0,1,0,0,0,0,0,0,0,0,1,14,3,2,0,0,1,0,0,0,0,11,0,2,6,4,0,1,0,0,0,3,0,0,50
D6082-12XXX,0,1,0,1,0,0,0,0,0,0,0,0,4,9,0,1,0,0,0,0,0,0,0,12,5,4,3,0,0,2,0,0,1,3,1,4,51
D7510-010XX,16,63,16,11,1,5,1,1,0,0,0,22,31,27,69,10,2,3,1,2,1,1,4,16,27,107,43,8,1,2,12,2,6,5,3,4,523
DC014-XXXXX,2,10,0,1,0,0,0,0,0,0,0,2,2,10,13,4,4,2,0,0,0,1,0,4,0,55,11,0,0,0,0,0,0,0,0,8,129
DC017-XXXXX,10,4,0,0,0,0,0,0,0,0,0,1,0,0,8,2,1,1,0,0,0,0,1,0,20,1,10,0,0,0,0,0,0,0,0,1,60
DC020-XXXXX,199,566,175,41,44,42,33,7,20,49,84,95,181,414,527,147,18,25,7,23,51,6,84,177,470,1019,638,173,7,53,1,5,12,40,117,192,5742
DC050-XXXXX,14,0,0,0,0,0,0,0,0,0,0,0,0,3,10,0,0,0,0,1,8,0,3,0,0,0,44,0,0,8,4,0,0,0,16,6,117
DC070-XXXXX,0,0,0,0,0,0,0,0,0,0,0,0,0,0,0,0,0,0,0,0,0,0,0,2,0,0,0,1,0,1,0,0,0,0,0,0,4
DHC04-7XXXX,99,102,40,10,47,4,2,0,0,2,0,38,28,66,196,22,4,2,1,14,10,0,10,16,63,190,138,68,0,14,9,2,0,4,14,39,1254
DHC06-2XXXX,3,9,6,2,1,5,0,0,2,3,1,0,4,14,5,2,0,1,20,1,3,0,0,8,0,34,15,0,2,0,0,3,0,1,1,3,149
DV161-8020X,2,51,10,3,3,0,0,1,0,0,1,3,1,10,57,3,3,0,7,3,1,1,0,3,1,14,76,1,1,0,13,0,2,0,2,5,278
DV202-3012X,0,0,0,0,0,0,0,0,0,0,4,0,0,0,0,4,0,0,0,0,0,0,4,0,4,6,0,0,6,4,0,0,8,0,0,0,40
DV252-8015X,0,32,24,0,0,0,2,0,7,0,0,0,34,6,18,8,0,4,2,0,4,0,8,4,46,77,11,6,2,0,2,10,0,0,0,4,311
EWK86-9932X,2,4,2,2,0,0,1,0,0,0,0,2,6,5,4,6,1,0,0,2,4,0,1,5,4,14,0,0,0,0,2,0,0,0,0,2,69
EWK86-9935X,0,0,1,0,0,0,0,0,0,0,0,0,0,0,0,0,0,0,2,0,2,0,0,0,0,0,0,1,0,0,0,0,0,0,0,0,6
GM507-25XXX,122,145,72,23,16,4,6,12,2,12,4,50,97,181,262,50,10,25,18,12,8,2,13,93,168,274,319,31,25,16,26,0,3,16,37,88,2242
J1600-7LLUX,1,0,0,0,0,0,0,0,0,0,0,0,0,8,3,2,0,1,0,0,1,0,0,6,0,1,2,0,0,0,0,0,0,0,0,1,26
J2207-XXXXX,79,160,85,14,13,6,2,8,1,8,20,32,111,173,174,25,9,8,4,6,5,2,18,57,125,230,266,47,8,2,7,5,3,14,26,73,1826
J3020-6XXXX,3,1,0,0,0,0,0,0,0,0,2,0,0,4,0,0,0,0,0,0,0,0,0,4,2,11,1,1,2,0,0,0,0,0,0,1,32
J3020-8XXXX,3,1,0,0,0,0,0,0,0,0,2,0,0,4,0,0,0,0,0,0,0,0,0,4,2,11,1,1,2,0,0,0,0,0,0,1,32
J3220-8XXXX,12,12,28,4,1,2,0,0,0,0,0,3,10,12,25,5,2,0,0,1,0,0,4,5,15,21,25,1,1,0,1,0,1,5,0,4,200
J3221-2XXXX,0,0,0,0,0,0,0,0,0,0,0,0,0,0,0,0,0,0,0,0,0,0,0,4,0,0,3,0,0,0,0,0,0,4,0,0,11
J3320-8XXXX,0,0,1,0,0,0,0,0,0,0,0,0,0,1,0,0,0,0,0,0,0,0,0,3,0,12,0,0,0,0,0,0,0,2,0,0,19
J5120-4XXXX,0,0,0,0,0,1,1,0,0,0,0,0,0,0,0,0,0,0,0,0,0,0,0,0,0,5,0,0,0,0,0,0,0,0,0,0,7
J6007-LLUJX,0,2,0,2,0,0,0,0,0,0,3,2,16,2,4,0,4,1,12,2,0,4,12,18,19,22,13,4,6,0,4,0,0,8,8,6,174
J6007-LLUXX,0,2,6,2,0,4,0,0,0,0,3,0,0,12,15,2,0,0,10,1,0,0,0,2,2,11,7,2,0,0,0,0,0,0,0,0,81
J6200-LLUXX,1,77,4,0,0,0,0,3,0,1,0,4,2,26,58,5,0,1,0,1,1,4,33,0,8,18,31,5,0,1,1,0,0,0,0,7,292
J6201-LLUXX,6,13,1,0,0,0,1,0,0,0,1,1,7,5,5,0,0,1,0,0,0,0,0,0,3,21,1,2,0,0,1,0,1,0,0,2,72
J6203-LLUXX,17,42,8,0,3,0,2,0,0,0,1,1,20,46,24,0,1,1,0,1,0,0,0,5,18,8,17,0,0,0,2,0,0,0,0,0,217
J6205-LLUXX,10,23,0,0,0,0,0,0,2,0,0,0,4,2,10,0,0,0,0,2,0,0,0,12,0,14,0,0,0,0,0,0,0,10,0,0,89
J6205-XXXXX,1,0,0,0,1,0,0,0,1,1,0,0,0,0,0,0,0,2,0,0,1,3,0,0,0,0,1,0,1,1,0,3,0,1,0,0,17
J6206-LLUXX,9,22,5,2,0,2,1,0,0,0,1,7,16,5,16,1,2,1,0,2,4,0,0,1,0,20,5,0,2,0,0,0,2,0,0,6,132
J6206-XXXXX,2,0,0,0,2,0,0,0,2,2,0,0,0,0,0,0,0,1,0,0,2,6,0,0,0,0,2,0,2,0,0,6,0,2,1,2,32
J6207-LLUXX,1,14,2,1,0,1,1,0,0,0,1,5,1,1,11,0,0,0,0,1,1,0,0,0,0,1,1,0,1,0,0,0,1,0,0,1,46
J6207-LUJXX,1,0,0,0,1,0,0,0,1,1,0,0,0,0,0,0,0,1,0,0,1,3,0,0,0,0,1,0,1,1,0,3,0,1,0,1,17
J6208-LLUXX,6,26,28,4,2,2,2,0,0,0,0,5,5,0,13,2,3,0,0,1,0,0,1,14,5,21,28,6,2,0,5,0,0,0,0,3,184
J6209-LLUXX,3,16,5,0,0,2,1,0,0,0,1,7,4,15,3,0,4,1,1,2,2,0,4,5,2,12,18,1,3,3,0,0,2,0,0,2,119
J6210-XXXXX,3,11,2,4,1,0,0,0,0,0,0,6,5,0,8,3,22,0,0,20,0,0,2,10,3,6,7,4,1,0,9,0,0,0,0,11,138
J6212-XXXXX,3,10,4,4,1,0,0,0,0,0,0,5,2,0,12,3,0,0,0,0,0,0,1,6,4,15,8,6,1,0,2,0,0,4,0,1,92
J6305-LLUXX,0,0,0,0,0,0,0,0,0,0,0,0,0,0,0,0,2,0,0,0,0,0,0,2,0,0,6,1,0,1,0,0,0,0,0,0,12
JAEL2-06XXX,49,83,40,4,0,1,2,2,0,0,0,21,13,64,57,11,1,3,3,4,3,0,12,7,28,52,47,10,8,7,7,3,2,1,2,39,586
JAS20-4XXXX,39,41,21,3,0,0,1,0,5,0,4,7,19,16,33,14,2,4,0,3,4,5,7,8,22,50,24,6,3,4,1,2,1,0,6,17,372
JAS20-6XXXX,31,48,11,2,0,0,1,3,0,0,0,17,11,27,33,6,2,1,0,2,6,1,12,4,22,35,40,36,1,0,0,40,2,0,3,10,407
JCS20-4LLUX,0,1,1,0,0,0,0,0,0,1,2,0,2,0,1,1,3,0,0,0,0,0,0,7,2,2,4,1,0,0,1,0,0,12,0,0,41
JCY63-121XX,3,60,21,7,2,0,0,2,0,0,0,0,9,39,65,3,0,0,3,5,0,0,0,21,4,44,39,4,2,0,1,1,0,2,0,0,337
JFY62-287XX,7,114,67,1,2,0,1,0,0,0,0,0,11,48,82,5,0,0,2,3,0,2,5,47,18,66,97,11,1,2,2,0,2,3,4,13,616
JFYSS-B1XXX,0,0,0,0,0,0,0,0,0,0,0,0,0,0,0,0,0,0,0,0,0,1,0,0,0,0,0,0,0,0,0,0,0,0,0,0,1
JFYSS-B2XXX,0,0,0,0,0,0,0,0,0,0,0,0,0,0,0,0,0,0,0,0,0,0,2,0,0,0,0,0,0,0,0,0,0,0,0,0,2
JMD07-51XXX,0,2,1,0,0,0,1,0,0,0,0,0,0,2,0,0,0,0,0,0,0,0,0,0,0,0,1,0,0,0,0,0,0,0,0,0,7
JMD08-51XXX,0,0,1,1,0,0,0,0,0,0,0,0,1,4,1,1,0,0,0,0,0,0,0,0,3,1,3,0,0,0,0,0,0,0,0,0,16
JMD10-02ASY,0,10,4,1,0,0,0,2,0,0,0,1,0,7,4,1,1,0,0,0,0,0,0,1,1,2,4,0,0,1,0,0,0,0,0,0,40
JMD10-04XXX,1,1,1,0,0,0,0,0,0,0,0,0,2,2,1,0,0,0,0,0,0,0,0,0,0,0,2,0,0,0,0,1,0,0,0,0,11
JMD11-04XXX,0,0,0,0,0,0,0,0,0,0,0,0,0,0,0,0,0,0,0,0,0,0,0,0,0,1,1,0,0,0,0,0,0,0,0,0,2
JMDAS-YXXXX,23,230,211,8,6,4,7,2,2,0,1,14,76,151,449,45,5,7,22,9,1,3,22,205,106,404,357,25,5,7,11,5,8,15,26,88,2560
JPC14-ASYXX,3,49,11,0,2,0,1,0,2,0,0,1,7,41,27,4,0,5,2,10,5,2,0,10,2,63,39,7,2,4,1,1,0,4,1,1,307
JPF20-4GXXX,86,73,40,16,0,2,7,2,6,0,5,18,11,38,149,42,4,2,2,13,8,0,4,17,130,115,75,18,2,2,2,0,2,0,2,17,910
JPF20-6GXXX,69,65,57,14,10,6,2,4,2,0,90,14,13,57,83,49,4,0,1,4,18,0,9,10,143,35,76,10,0,50,4,11,2,0,1,7,920
JPY62-263XX,8,55,14,2,0,1,0,0,0,0,0,1,6,26,44,2,1,0,7,1,0,0,0,10,2,42,23,1,0,1,0,0,0,0,0,0,247
JPY62-267XX,20,174,117,3,12,5,4,2,0,0,0,5,27,153,298,47,4,2,8,15,3,9,7,119,83,352,330,40,5,5,6,3,0,5,20,55,1938
JPYSS-BXXXX,0,0,0,0,0,0,0,0,0,0,0,0,0,0,0,0,0,0,0,0,0,1,0,0,0,0,0,0,0,0,0,0,0,0,0,0,1
JPYSS-CXXXX,0,0,0,0,0,0,0,0,0,1,0,0,0,0,0,0,0,0,0,0,0,2,0,0,0,0,0,0,0,0,0,0,0,0,0,0,3
JSBX0-126LL-U,46,52,17,0,0,0,0,4,0,0,1,1,22,42,37,7,0,1,4,0,9,0,52,11,28,42,29,18,4,9,0,0,5,5,9,28,483
JSSB0-601AS,0,0,0,0,0,0,0,0,0,0,0,0,0,0,0,0,0,0,1,0,0,0,0,0,0,0,0,0,0,0,0,0,0,0,0,0,1
JSSB0-602XX,0,0,0,0,0,0,0,0,0,1,0,0,0,0,0,0,0,0,0,0,0,2,1,0,0,0,0,0,0,0,0,0,0,0,0,0,4
JSSBA-SYXXX,1,4,0,0,0,1,0,0,0,1,0,0,2,1,12,0,0,0,0,0,0,3,0,0,0,4,1,0,1,1,0,1,0,0,0,0,33
JSSC0-602AS,0,0,0,0,0,0,0,0,0,0,0,0,0,0,0,0,0,0,2,0,0,0,0,0,0,0,0,1,0,0,0,0,0,0,0,0,3
JSSC0-60ASY,2,0,0,0,0,0,0,0,0,0,0,0,0,0,0,1,0,0,0,1,0,1,0,2,0,0,0,0,1,0,0,2,0,1,0,0,11
JWM07-51ASY,1,18,15,0,0,0,0,0,0,0,0,1,1,5,4,1,0,0,1,0,0,0,0,0,0,2,7,0,0,0,0,0,0,0,0,0,56
JWM07-53XXX,1,1,1,0,0,0,0,0,0,0,0,0,2,1,0,0,0,0,0,0,0,0,0,0,0,2,0,0,0,0,0,1,0,0,0,0,9
JWM08-51ASY,1,12,10,3,0,0,1,3,0,0,0,1,2,17,41,5,0,0,1,2,0,0,0,7,7,11,36,6,0,2,1,0,0,0,2,3,174
JWM08-53XXX,0,0,1,0,0,0,0,0,0,0,0,0,0,0,0,1,0,0,0,0,0,0,0,0,0,1,1,0,0,0,0,0,0,0,0,0,4
JWM10-0ASYX,3,47,41,2,0,2,3,1,0,0,0,7,8,23,47,3,1,0,0,0,0,0,2,9,13,13,20,3,2,0,0,0,0,0,1,1,252
JYPMD-100XX,2,5,1,0,0,1,0,0,0,0,0,0,3,5,5,0,0,0,0,1,0,0,0,2,0,8,9,0,0,0,0,0,0,0,0,0,42
KFB08-07020-0,0,0,0,0,0,0,0,0,0,0,0,0,0,0,1,0,0,0,0,0,0,0,0,0,0,0,0,0,0,0,0,4,0,0,0,0,5
KFB10-08030-0,0,0,0,0,0,0,0,0,0,0,0,0,0,0,0,0,0,0,0,0,0,0,0,0,0,1,0,0,0,0,0,4,0,0,0,0,5
KFC08-07030,2,0,0,0,0,0,0,0,0,2,0,0,0,0,0,0,0,1,0,0,0,0,0,0,0,0,1,0,0,0,0,0,0,1,1,0,8
KFC10-08035-0,0,0,0,0,0,0,0,0,0,0,0,0,0,10,2,0,0,0,0,0,2,0,0,0,0,12,0,2,0,2,0,4,0,0,0,0,34
L3910-10082,0,1,6,0,0,1,1,0,1,0,2,0,9,5,3,1,0,2,2,1,4,1,1,4,12,8,6,1,3,1,1,0,0,3,5,3,88
L3910-10211,0,3,6,0,1,1,1,0,1,0,3,0,13,5,6,3,1,2,2,1,4,1,1,4,20,22,8,5,3,1,1,2,0,2,6,6,135
L3910-10242,0,3,5,0,0,0,2,0,1,0,2,0,8,5,3,6,0,0,2,1,4,0,1,3,29,20,13,7,3,3,1,0,0,2,4,2,130
L3910-10271,0,1,5,0,0,1,1,0,1,0,3,0,13,7,7,4,0,2,2,1,4,1,2,5,21,31,6,15,3,1,0,2,0,3,7,5,154
L3910-10281,0,1,5,0,0,0,0,0,1,0,2,0,6,3,4,0,0,2,2,1,4,0,1,1,12,12,2,1,2,1,1,0,0,2,4,2,72
L3910-10292,1,2,0,0,0,1,0,0,0,0,1,0,3,1,2,1,0,1,0,0,4,0,0,2,0,0,1,0,4,0,0,0,0,2,0,1,27
L3910-10321,1,5,11,0,0,2,2,0,2,0,6,2,27,10,8,9,0,4,10,2,2,2,2,10,59,34,18,8,4,7,2,4,0,8,17,7,285
L3910-10802,0,1,9,1,0,1,1,0,2,0,3,1,12,6,3,3,1,1,3,0,1,1,1,5,11,12,6,5,3,1,0,0,0,3,5,4,106
L3910-10861,0,1,5,0,0,1,0,0,1,0,3,0,10,5,3,2,0,2,2,1,1,1,1,3,8,16,11,4,3,1,11,0,0,2,5,3,106
L3910-10871,0,2,12,0,2,2,2,0,2,0,6,2,24,14,6,4,0,4,8,2,2,2,2,11,39,35,12,10,6,2,0,3,0,6,11,9,242
L3910-10881,0,2,10,0,0,2,2,0,2,0,6,2,24,12,8,6,0,4,8,2,8,2,2,11,60,39,12,9,4,2,2,4,0,6,11,9,271
L3910-10891,0,1,6,0,0,1,1,0,1,0,3,1,13,7,16,2,0,2,2,1,4,1,1,4,25,31,4,5,3,1,1,2,0,2,5,6,152
L3910-10902,0,1,6,0,1,1,1,0,1,0,3,1,13,6,3,3,0,2,2,1,4,1,1,4,21,30,5,5,3,1,1,2,0,3,5,6,137
L3910-10911,0,1,6,0,0,1,1,0,1,0,3,1,11,6,3,2,3,2,22,1,1,1,2,3,41,11,9,7,3,1,1,3,0,12,5,4,168
L3910-10932,0,26,13,0,2,2,3,0,2,0,8,4,32,14,71,13,0,15,16,2,10,0,3,15,70,102,66,15,5,3,3,4,0,7,16,4,546
L3910-10941,0,0,5,0,0,0,0,0,1,0,2,0,6,3,4,0,0,2,2,1,4,0,2,2,17,16,2,1,2,1,1,0,0,2,4,2,82
L3910-10951,0,1,5,0,0,0,0,0,1,0,2,0,6,3,3,0,0,2,2,1,6,0,2,2,17,5,2,1,3,1,1,0,0,2,4,2,74
L3910-10961,0,1,5,0,0,0,0,0,1,0,2,0,6,3,3,0,0,2,2,1,6,0,2,2,17,15,1,1,2,1,1,0,0,2,4,2,82
L3910-10971,0,1,5,0,0,0,0,0,1,0,2,0,7,3,3,0,0,2,2,1,6,0,2,2,7,5,2,1,3,1,1,0,0,2,3,2,64
L3910-10981,0,1,5,0,0,0,0,0,4,0,2,0,6,3,4,0,0,2,2,1,4,0,2,1,16,15,3,1,2,1,1,0,0,3,4,2,85
L3910-40001,0,0,0,1,0,0,0,0,0,0,0,0,0,0,0,0,0,0,0,0,3,1,0,0,0,0,0,1,0,0,0,4,0,0,0,0,10
L3910-40041,0,0,0,0,0,0,1,0,0,0,0,0,0,0,0,0,0,0,0,0,3,0,0,0,0,0,0,0,0,0,0,4,0,0,0,0,8
L3910-40051,0,0,0,0,0,0,1,0,0,0,0,0,0,0,0,0,0,0,0,0,3,0,0,0,0,0,0,0,0,0,0,4,0,0,0,0,8
L3910-40062,0,0,0,0,0,0,4,0,0,0,0,0,0,0,0,0,0,0,0,0,0,0,0,0,0,2,0,0,0,0,0,0,0,0,0,0,6
L3910-42001,0,0,0,0,0,0,0,0,0,0,0,0,0,0,0,0,0,0,0,0,3,0,0,0,0,0,0,0,0,0,0,4,0,0,0,0,7
L3910-52002,0,0,0,0,0,0,0,0,0,0,0,0,0,0,0,0,0,0,0,0,3,0,0,0,0,1,0,0,0,0,0,4,0,0,0,0,8
L3910-60002,0,0,0,0,0,0,0,0,0,1,0,0,0,0,0,0,0,0,0,0,3,0,0,0,0,0,0,0,0,0,0,4,0,0,0,0,8
L3910-60042,0,0,0,0,0,0,0,0,0,0,0,0,0,0,0,1,0,0,0,0,3,0,0,0,0,0,0,0,0,0,0,4,0,0,0,0,8
L3910-60072,0,1,0,0,0,1,0,0,0,0,0,0,0,1,2,0,0,0,0,0,3,0,0,2,0,5,3,0,0,0,0,4,0,0,0,1,23
L3910-62001,0,0,0,0,0,0,0,0,0,0,0,0,0,0,0,0,0,0,0,0,3,0,0,0,0,0,0,0,0,0,0,12,0,0,0,0,15
L3910-80002,0,0,0,0,0,0,0,0,0,0,0,0,0,0,0,0,0,0,0,0,3,0,0,0,0,0,0,0,0,0,0,4,0,0,2,0,9
L3910-80051,0,0,0,0,0,0,0,0,0,0,0,0,0,0,0,0,0,0,0,0,3,0,0,0,0,0,0,0,0,0,0,0,0,0,0,0,3
L3910-98001,0,0,0,0,0,0,0,0,0,0,0,0,0,0,0,0,0,0,0,0,3,0,0,0,0,0,0,0,0,0,0,4,0,0,0,0,7
L3910-98031,0,0,0,0,0,0,0,0,0,0,0,0,0,0,0,0,0,0,0,0,3,0,0,0,0,0,0,0,0,0,0,4,0,0,0,0,7
L3910-98071,0,1,1,0,0,0,0,0,0,0,1,1,1,3,1,0,0,1,1,0,3,0,0,1,1,7,4,2,0,0,0,4,0,0,0,0,33
L3910-98082,0,0,0,2,0,0,0,0,0,0,0,1,0,1,0,1,0,0,0,0,0,0,0,0,2,7,9,4,0,0,3,8,0,0,0,4,42
L3910-98112,0,2,1,0,1,0,0,0,0,0,0,0,3,0,2,2,0,0,0,0,6,0,0,0,0,6,2,0,0,0,0,0,0,0,0,0,25
L3910-98122,0,0,2,0,2,0,0,0,0,0,0,0,0,2,12,2,0,0,0,0,6,0,0,0,0,14,27,2,0,0,0,8,0,0,0,0,77
LA500-76XXX,0,0,0,1,0,0,0,0,0,0,0,0,2,2,9,1,2,1,1,0,0,0,0,5,1,16,12,1,0,0,1,5,0,0,1,0,61
LA500-92XXX,8,13,5,0,1,0,1,0,0,0,1,2,5,14,26,4,3,1,1,1,1,0,3,8,15,24,38,3,1,0,1,1,0,1,0,2,184
LA601-14AXX,12,38,26,1,1,0,2,1,1,0,2,5,8,22,47,8,4,4,2,0,0,2,6,11,20,67,57,9,3,3,3,5,1,1,1,6,379
NA20X-XXXXX,0,0,0,0,0,0,0,0,0,0,0,0,0,0,0,0,0,0,0,0,0,0,0,0,0,0,0,0,0,1,0,0,0,6,0,0,7
NAA22-150XX,0,0,0,0,0,0,0,0,0,0,0,0,0,0,0,0,4,0,0,0,0,0,0,0,0,2,0,0,0,0,0,0,0,0,2,0,8
NBS12-XXXXX,4,0,0,0,0,0,0,0,0,0,0,0,0,0,0,0,0,0,0,0,0,0,0,0,0,0,4,0,4,0,0,8,0,0,0,0,20
NNF06-XXXXX,6,10,0,0,0,0,0,0,0,0,0,0,2,11,0,0,0,0,0,20,0,0,0,0,0,1,1,0,1,1,0,0,0,1,1,0,55
NNF08-XXXXX,128,499,57,27,23,3,77,5,2,10,16,134,238,574,326,64,64,4,16,12,59,33,33,173,366,1179,700,135,38,96,79,20,33,34,62,106,5425
NNF10-XXXXX,29,164,34,0,2,0,3,0,0,0,0,0,8,12,101,6,0,0,0,2,4,4,22,20,10,126,151,17,0,0,2,2,0,0,6,34,759
NNF12-XXXXX,0,5,0,0,0,0,0,0,0,0,0,0,0,22,0,0,0,0,0,0,0,0,0,0,0,0,0,0,0,0,0,0,0,0,0,0,27
NP04X-XXXXX,0,10,0,0,0,0,0,0,4,0,0,0,0,0,0,0,0,0,0,0,0,0,0,0,0,4,0,0,0,0,0,0,0,0,0,0,18
NP05X-XXXXX,0,10,0,0,0,0,0,0,0,0,0,0,0,0,0,0,0,0,0,0,0,0,0,0,0,0,0,0,0,0,0,0,0,0,0,0,10
NP06X-XXXXX,0,20,0,0,0,0,0,0,0,0,0,8,1,0,10,0,0,0,0,3,0,0,0,0,0,4,0,0,2,1,0,0,0,0,8,0,57
NS06X-XXXXX,0,0,0,0,0,0,0,0,7,0,0,0,0,0,0,0,0,0,0,0,0,16,0,19,0,0,0,0,0,0,0,0,6,10,0,0,58
NS10X-XXXXX,0,0,1,0,0,0,0,0,3,1,0,2,1,4,0,2,0,0,1,0,2,4,2,2,0,0,0,0,2,2,0,2,0,8,0,0,39
NS12X-XXXXX,0,0,0,0,0,0,1,0,0,0,0,0,0,12,0,0,0,0,0,0,0,0,0,0,0,10,3,0,0,0,0,0,0,0,0,0,26
NSP08-XXXXX,22,40,53,2,0,0,24,0,2,0,30,81,15,78,34,2,0,7,17,10,0,17,0,18,15,123,34,26,0,1,10,0,8,87,5,40,801
NUZ10-XXXXX,0,10,20,1,0,0,0,0,0,0,0,0,0,10,15,1,1,1,0,0,0,0,0,5,0,58,21,0,0,2,0,1,0,0,0,0,146
NZ06X-XXXXX,0,0,0,0,0,0,0,0,0,0,0,0,0,0,0,0,0,0,0,0,0,0,0,0,0,0,0,0,0,0,0,0,1,0,0,0,1
NZ101-25XXX,0,4,1,0,0,0,0,0,0,0,0,0,0,0,1,0,0,0,0,0,0,0,0,0,11,5,4,2,0,0,0,0,0,0,0,0,28
NZ16X-XXXXX,0,23,15,0,0,2,2,0,6,0,0,2,6,4,42,0,5,0,20,0,2,5,2,10,19,62,54,3,0,2,2,2,0,58,2,9,359
NZ20X-XXXXX,0,5,2,1,0,0,0,0,0,0,0,2,0,4,0,0,0,0,0,0,0,2,0,1,0,10,0,0,0,0,0,0,0,0,0,0,27
NZ221-50XXX,2,6,13,2,2,2,3,0,2,0,6,2,32,14,33,6,0,4,4,2,2,2,2,27,28,63,30,11,7,5,3,3,1,2,22,8,351
NZA12-125XX,0,0,0,0,0,0,0,0,0,0,0,0,0,0,0,0,15,0,0,0,0,0,0,0,0,0,0,0,0,0,0,0,0,0,0,0,15
ONA6X-XXXXX,0,7,10,0,2,1,2,6,2,0,6,22,18,13,6,5,0,4,4,2,2,2,2,8,46,30,38,9,6,5,1,3,0,4,12,0,278
ONB6X-XXXXX,1,30,5,0,0,10,0,0,0,0,0,0,4,28,26,2,2,0,0,0,2,4,2,0,40,59,50,20,0,0,0,0,2,0,2,2,291
ONBS1-XXXXX,0,1,0,0,0,0,0,10,0,0,20,20,10,24,15,1,0,2,0,5,4,0,2,10,30,37,107,1,0,0,0,0,0,0,0,1,300
ONCS1-XXXXX,0,0,0,0,0,0,7,3,0,0,0,0,5,8,0,0,10,0,0,0,2,0,0,0,0,0,0,0,0,0,0,0,0,0,0,0,35
ORG04-0XXXX,0,0,0,0,0,0,0,0,0,0,0,0,0,3,0,2,0,0,0,0,0,0,0,0,0,2,0,0,0,1,0,0,0,0,0,0,8
ORG06-0XXXX,11,8,10,9,1,0,3,0,1,0,0,16,7,8,27,6,3,3,1,2,1,0,3,4,45,75,26,12,2,2,1,1,3,2,1,2,296
PC025-016XX,1,0,0,0,0,0,0,0,0,0,0,0,0,0,0,0,0,0,0,0,1,0,1,2,0,1,1,0,0,0,0,0,0,1,1,0,9
PC032-016XX,0,2,0,4,4,0,2,3,0,0,0,0,0,5,4,2,1,2,2,0,0,1,0,0,6,0,4,9,2,4,4,0,0,0,0,12,73
PC032-020XX,0,0,0,0,0,0,0,0,0,0,0,0,0,0,1,0,0,0,0,0,0,0,0,3,0,0,3,0,0,0,0,0,0,0,0,0,7
PC032-025XX,0,0,0,0,0,0,0,0,0,0,0,0,0,0,0,0,0,0,0,0,0,0,0,0,0,1,0,0,0,0,0,0,0,0,0,0,1
PC032-032XX,14,14,12,0,0,2,2,0,4,0,0,1,0,3,13,2,0,0,2,6,10,0,3,0,30,41,45,0,30,0,2,2,0,2,4,2,246
PC040-32XXX,0,0,0,0,0,0,0,0,4,0,0,0,0,0,0,0,0,0,0,0,0,0,0,1,0,0,0,0,0,0,0,0,0,0,0,0,5
PC050-036GX,0,5,2,0,0,0,0,2,0,0,0,0,0,12,4,0,0,0,0,0,0,0,0,2,0,2,14,2,0,2,0,0,0,0,0,2,49
PC050-036XX,0,0,0,0,0,0,0,0,0,0,0,0,1,1,0,4,1,0,0,2,0,0,0,0,1,5,8,0,2,0,0,0,0,1,1,2,29
PC050-056XX,0,0,0,0,0,0,0,0,0,0,0,0,4,0,0,0,15,0,0,0,4,0,0,0,2,0,8,12,0,0,0,0,0,0,0,0,45
PS050-022XX,40,110,103,19,4,4,0,0,2,0,4,22,10,78,217,33,61,6,38,2,6,5,40,8,20,173,247,53,2,8,8,0,2,0,3,20,1348
PS080-020XX,0,1,0,0,0,4,0,0,0,0,0,0,0,2,10,0,1,0,0,1,0,0,0,0,2,27,0,0,0,1,2,0,0,0,0,0,51
PS080-025XX,1,0,0,0,0,1,1,0,0,0,0,0,0,0,0,0,0,0,0,0,0,0,0,0,0,0,0,0,0,0,0,0,0,0,0,0,3
PS080-032XX,1,0,0,0,0,1,1,0,0,0,0,0,0,0,0,0,0,0,0,0,0,0,0,1,0,0,0,0,0,0,0,0,0,0,0,0,4
PS100-050XX,0,0,0,0,1,0,0,0,0,3,0,0,0,0,0,0,0,0,0,0,0,3,1,0,0,0,2,0,0,0,0,0,0,0,0,0,10
PS100-065XX,7,24,1,0,0,0,0,0,0,0,0,0,12,9,29,4,0,0,0,0,0,2,0,0,0,30,25,2,1,1,1,0,0,8,0,1,157
RBTC1-2030X,0,0,0,0,0,0,1,0,0,0,0,0,0,0,0,0,0,0,0,0,0,0,0,0,0,0,0,0,0,0,0,0,0,0,0,0,1
RHAS5-3XXXX,0,0,0,0,0,1,0,0,0,0,0,0,0,0,0,0,0,0,0,0,0,0,0,0,0,0,0,0,0,0,0,0,0,0,0,0,1
RNSA4-4PXXX,0,4,0,0,0,0,0,0,0,0,0,1,2,12,0,2,0,0,0,0,0,0,0,0,0,0,0,0,0,0,4,0,0,2,16,0,43
TRK10-025XX,0,0,0,0,0,0,0,0,0,2,0,0,0,0,4,0,0,0,0,0,0,0,0,0,1,4,3,0,0,0,0,0,0,0,0,0,14
TRK10-030XX,0,5,0,0,0,0,10,0,0,0,0,0,0,0,0,0,0,0,0,0,0,0,0,0,4,10,0,0,0,0,4,0,0,0,0,0,33
VRB06-4XXXX,0,4,3,0,0,0,0,0,0,0,0,0,4,19,20,0,0,1,1,0,0,1,0,2,2,11,5,0,0,0,1,4,0,1,0,0,79
W9500-20311,0,0,0,0,0,0,0,0,0,0,0,0,0,0,0,0,0,0,0,0,0,5,0,1,0,0,0,0,0,0,0,0,0,0,0,0,6
W9500-20321,0,0,0,0,0,0,0,0,0,0,0,0,0,0,0,0,0,0,0,0,0,5,0,0,0,0,0,0,0,0,0,0,0,0,0,0,5
W9500-20331,0,0,0,0,0,0,0,0,0,0,0,0,0,0,0,0,0,0,0,0,0,5,0,0,0,0,0,0,0,0,0,0,0,0,0,0,5
W9500-20341,0,0,0,0,0,0,0,0,0,0,0,0,0,0,0,0,0,0,0,0,0,5,0,0,0,0,0,0,0,0,0,0,0,0,0,0,5
W9500-20351,0,0,0,0,0,0,0,0,0,0,0,0,0,0,0,0,0,0,0,0,0,5,0,0,0,0,0,0,0,0,0,0,0,0,0,0,5
W9500-20361,0,0,0,0,0,0,0,0,0,0,0,0,0,0,0,0,0,0,0,0,0,5,0,0,0,0,0,0,0,0,0,0,0,0,0,0,5
W9500-20381,0,0,0,0,0,0,0,0,0,0,0,0,0,0,0,0,0,0,0,0,0,5,0,0,0,0,0,0,0,0,0,0,0,0,0,0,5
W9500-20391,0,0,0,0,0,0,0,0,0,0,0,0,0,0,0,0,0,0,0,0,0,5,0,0,0,0,0,0,0,0,0,0,0,0,0,0,5
W9500-20401,0,0,0,0,0,0,0,0,0,0,0,0,0,0,0,0,0,0,0,0,0,5,0,0,0,0,0,0,0,0,0,0,0,0,0,0,5
W9503-00301,3,0,0,0,0,0,0,0,0,0,0,1,2,0,1,0,0,0,0,0,0,1,0,0,1,1,0,0,0,0,0,0,1,0,0,0,11
W9503-00311,3,0,0,0,0,0,0,0,0,0,0,1,2,1,1,0,0,0,0,0,5,1,0,0,2,0,0,0,0,0,0,0,1,0,2,0,19
W9503-00332,0,0,0,0,0,0,0,0,0,0,0,0,2,0,1,0,0,0,0,0,0,1,0,0,0,0,0,0,0,0,0,0,1,0,1,0,6
W9503-00341,3,0,0,0,0,0,0,0,0,0,0,1,2,0,1,0,0,0,0,0,5,0,0,0,2,0,0,0,0,0,0,0,1,0,1,0,16
W9503-00351,3,0,0,0,0,0,0,0,0,0,0,1,2,0,0,0,0,0,0,0,0,1,0,0,2,0,0,0,0,0,0,0,1,0,1,0,11
W9503-00361,3,0,0,0,0,0,0,0,0,0,0,1,2,0,1,0,0,0,0,0,0,1,0,0,2,0,0,0,0,0,0,0,1,0,1,0,12
W9503-00371,3,0,0,0,0,0,0,0,0,1,0,1,2,0,1,0,0,0,0,0,5,1,0,0,2,0,0,0,0,0,0,0,1,0,1,0,18
W9503-00381,3,0,0,0,0,0,0,0,0,0,0,1,2,1,1,0,0,0,0,0,5,1,0,0,2,0,0,0,0,0,0,0,1,0,1,0,18
W9503-00391,3,0,0,0,0,0,0,0,0,1,0,1,2,0,1,0,0,0,0,0,5,1,0,0,3,0,0,6,0,0,0,0,1,0,1,0,25
W9503-00401,3,0,0,0,0,0,0,0,0,0,0,1,2,1,1,0,0,0,0,0,5,1,0,0,3,0,0,2,0,0,0,0,1,0,2,0,22
W9503-00411,3,0,0,0,0,0,0,0,0,0,0,1,2,0,1,0,0,0,0,0,0,1,0,0,2,0,0,0,0,0,0,0,1,0,1,0,12
W9503-00421,3,0,0,0,0,0,0,0,0,0,0,1,2,0,1,0,0,0,0,0,0,1,0,0,2,0,0,0,0,0,0,0,1,0,1,0,12
W9503-00431,3,0,0,0,0,0,0,0,0,1,0,1,2,0,1,0,0,0,0,0,5,1,0,0,3,0,0,3,0,0,0,0,1,0,1,0,22
W9503-00441,3,0,0,0,0,0,0,0,0,1,0,1,2,0,1,0,0,0,0,0,5,1,0,0,3,0,0,2,0,0,0,0,1,0,1,0,21
W9503-00451,6,0,0,0,0,0,0,0,0,0,0,1,4,0,1,0,0,0,0,0,0,2,0,0,5,0,0,3,0,0,0,0,2,0,2,0,26
W9505-31000,14,66,23,0,0,2,5,0,2,0,0,2,10,31,88,3,0,0,0,1,0,0,1,15,5,92,30,2,1,3,0,2,0,0,1,2,401
W9505-32031,3660,8060,4320,520,160,1460,360,20,80,180,420,2240,4300,9354,7010,516,320,260,340,380,260,360,900,5700,5380,10490,4960,740,140,700,180,420,200,260,280,2700,77630
W9505-33000,1990,2910,4280,830,380,450,1320,210,60,960,2500,3470,3880,2070,8320,280,140,780,40,2560,50,3130,4660,11700,2920,3750,4360,690,170,1450,770,0,180,3450,3510,6550,84770
W9505-33051,13390,22460,29460,2190,4580,5860,7750,1310,340,75950,26240,43360,28990,9120,16210,2290,1530,630,2120,3000,1020,63260,54476,48940,1890,29820,49807,5210,3050,2600,3140,950,370,112280,55840,83450,812883
W9505-58141,0,0,0,0,1,0,0,0,0,0,0,0,0,0,0,0,0,0,0,0,0,0,0,0,0,0,0,0,0,0,0,0,0,0,0,0,1
W9505-58151,0,0,0,0,1,0,0,0,0,0,0,0,0,0,0,0,0,0,0,0,0,0,0,0,0,0,0,0,0,0,0,0,0,0,0,0,1
W9505-58202,0,0,0,0,0,0,0,0,0,0,0,0,0,0,0,0,0,0,0,0,0,5,0,0,0,0,0,0,0,0,0,0,0,0,0,0,5
W9505-58212,0,0,0,0,0,0,0,0,0,0,0,0,0,0,0,0,0,0,0,0,0,5,0,0,0,0,0,0,0,0,0,0,0,0,0,0,5
W9505-58221,0,0,0,0,0,0,0,0,0,0,0,0,0,0,0,0,0,0,0,0,0,5,0,0,0,0,0,0,0,0,0,0,0,0,0,0,5
W95G4-11001,0,2,0,0,0,0,0,0,0,0,0,0,0,4,4,1,0,0,0,2,0,0,0,0,3,1,3,0,0,0,0,4,0,0,0,0,24
W95G4-11011,1,6,1,0,0,0,0,0,0,0,0,0,0,0,1,0,0,0,0,0,0,0,0,0,0,1,0,1,0,0,0,4,0,0,0,0,15
W95G4-11021,0,6,4,1,0,1,0,1,0,0,0,0,0,19,2,3,0,0,2,1,0,0,0,1,7,32,22,3,3,0,1,4,0,0,0,3,116
W95G4-11031,8,12,3,3,0,5,0,0,0,0,0,0,2,22,16,2,0,0,3,0,0,1,0,0,3,12,24,0,0,0,0,4,0,1,0,8,129
W95G4-11041,6,4,3,4,0,0,0,0,0,0,0,0,0,11,10,0,0,0,3,0,0,1,0,0,2,4,14,0,0,0,0,4,0,1,0,3,70
W95G4-12011,0,0,0,1,0,0,0,0,0,0,1,0,0,1,0,1,0,1,0,0,10,0,0,1,1,0,0,0,0,0,0,8,1,0,0,0,26
W95G4-80011,0,0,0,0,0,0,0,0,0,1,0,0,0,0,0,0,0,0,0,0,5,0,0,0,0,0,0,0,0,0,0,0,0,0,0,0,6
W95G4-80021,0,0,0,0,0,0,0,0,0,0,0,1,0,1,0,0,0,0,0,0,5,0,1,1,0,0,0,0,0,0,0,0,0,0,1,2,12
W95G4-80031,0,0,0,0,0,0,0,0,0,0,0,1,0,0,0,1,0,0,0,0,5,0,1,1,0,0,0,0,0,1,0,0,0,0,0,1,11
W95G4-80041,0,0,0,0,0,0,0,0,0,1,0,0,0,0,0,0,0,0,0,0,5,0,0,0,0,0,0,0,0,0,0,0,0,0,0,0,6
W95G4-80052,0,0,0,0,0,0,0,0,0,1,0,0,0,0,0,0,0,0,0,0,5,0,0,0,0,0,0,0,0,0,0,0,0,0,0,0,6
W95G4-80061,0,0,0,0,0,0,0,0,0,1,0,0,0,0,0,0,0,0,0,0,5,0,0,0,0,0,0,0,0,0,0,0,0,0,0,0,6
W95G4-80071,0,0,0,0,0,0,0,0,0,1,0,0,0,0,0,0,0,0,0,0,5,0,0,0,0,0,0,0,0,0,0,0,0,0,0,0,6
W95G4-80081,0,0,0,0,0,0,0,0,0,0,0,0,0,0,0,0,0,0,0,0,5,0,0,0,0,0,0,0,0,0,0,0,0,0,0,0,5
W95G4-80091,0,0,0,0,0,0,0,0,0,1,0,0,0,0,0,0,0,0,0,0,5,0,0,0,0,0,0,0,0,0,0,0,0,0,0,0,6
W95G4-80101,0,0,0,0,0,0,0,0,0,0,0,0,0,0,0,0,0,0,0,0,5,0,0,0,0,0,0,0,0,0,0,0,0,0,0,0,5
W95G4-80111,0,0,0,0,0,0,0,0,0,0,0,0,0,0,0,0,0,0,0,0,5,0,0,0,0,0,0,0,0,0,0,0,0,0,0,0,5
W95G4-80121,0,0,0,0,0,0,0,0,0,0,0,0,0,0,0,0,0,0,0,0,5,1,0,0,0,0,0,0,0,0,0,0,0,0,0,0,6
W95G4-80131,0,0,0,0,0,0,0,0,0,1,0,0,0,1,0,0,0,0,0,0,5,0,0,0,0,0,0,0,0,0,0,0,0,0,0,0,7
W95G4-80141,0,0,0,0,0,0,0,0,0,0,0,0,0,0,0,0,0,0,0,0,10,0,0,0,0,0,0,0,0,0,0,0,0,0,0,0,10
WRA06-XXXXX,0,0,0,0,0,0,0,0,0,0,0,8,0,0,0,0,0,0,0,0,0,0,0,0,0,4,0,0,4,4,0,0,0,0,3,0,23
WRA08-XXXXX,1,60,0,0,0,12,6,0,0,0,1,0,10,16,21,3,1,0,5,8,17,8,10,4,20,44,12,46,6,0,4,11,0,4,20,0,350
WRA10-XXXXX,4,57,59,8,8,2,12,4,0,0,0,14,2,44,47,29,4,16,1,15,20,2,1,21,6,375,93,61,17,8,2,10,1,5,17,53,1018
WRA12-XXXXX,0,0,1,0,0,0,0,0,0,0,0,1,0,0,1,0,1,0,0,0,4,0,0,1,0,3,10,2,0,0,0,0,0,0,2,10,36
WRA14-XXXXX,12,0,0,0,0,0,0,0,0,0,0,0,0,0,0,0,0,0,0,0,0,0,3,0,13,0,5,0,0,0,0,0,0,2,0,0,35
WRA16-XXXXX,0,5,1,0,0,0,2,0,0,0,0,0,0,1,5,3,0,0,1,0,4,1,0,4,4,31,5,2,0,0,3,2,0,0,0,3,77
WRS06-XXXXX,0,0,0,0,0,0,0,0,0,0,0,0,0,0,0,0,0,0,0,0,0,0,0,3,0,0,0,0,0,0,0,0,3,3,0,0,9
WRS10-XXXXX,0,0,0,0,0,0,0,0,0,0,1,0,2,3,0,2,0,0,0,0,4,0,0,0,0,0,0,0,0,3,0,0,0,2,0,0,17
WS06X-XXXXX,0,0,0,0,0,0,0,0,0,0,0,0,0,0,0,0,4,0,0,0,0,0,0,1,0,0,0,0,0,0,0,0,1,0,0,0,6
WSA08-XXXXX,0,77,53,6,19,3,7,1,2,0,10,22,18,51,92,8,6,1,0,8,6,5,0,0,17,146,46,20,78,0,12,4,0,7,18,20,763
WSA14-XXXXX,4,32,22,3,0,0,1,0,0,0,0,10,0,40,45,12,1,0,2,0,0,0,4,0,1,21,33,2,0,0,1,0,0,1,3,0,238
WSA16-XXXXX,0,0,5,0,0,0,0,0,0,0,0,0,0,0,0,0,5,0,20,0,0,5,0,10,0,36,7,1,0,0,0,0,0,0,0,9,98
WSA20-XXXXX,0,0,0,1,0,0,0,0,0,0,0,2,0,0,0,0,0,0,0,0,0,2,0,1,0,10,0,0,0,0,0,0,0,0,0,0,16
WSS06-XXXXX,0,0,0,0,0,0,0,0,4,0,0,0,0,0,0,0,0,0,0,0,0,16,0,0,0,0,0,3,0,0,0,0,0,4,0,0,27
WSS10-XXXXX,0,0,1,0,0,0,0,0,3,1,0,2,1,1,0,2,0,8,1,0,2,4,2,2,0,0,0,0,3,2,0,0,0,8,0,0,43
WSS12-XXXXX,0,0,0,0,0,0,1,0,0,0,0,0,0,0,0,0,0,0,0,0,0,0,0,0,0,0,0,0,0,0,0,0,0,0,0,0,1
Grand Total,48500,98948,65418,7946,7977,10882,13517,2545,1346,78206,34348,62670,53146,81014,109604,10428,5206,3801,6111,9458,3772,70520,69023,108861,49057,145632,124786,16433,6739,8723,7560,5633,1864,119394,67888,120371,1637327
